gamehash,name,discrim,rank,team,agent,ACS,ADR,ECON,K,D,A,HSP,FK,FD,MK
7d065b80-b6a1-4ded-99d0-f730140aa2f0,lylertew,NA1,Silver 1,A,Neon,333,191.7,82,20,15,5,8,5,4,3
7d065b80-b6a1-4ded-99d0-f730140aa2f0,ommas touch,NA1,Silver 1,A,Omen,260,162.8,63,18,12,9,11,1,0,2
7d065b80-b6a1-4ded-99d0-f730140aa2f0,souroh,NA1,Bronze 1,A,Sova,232,165.8,61,15,12,9,22,1,1,0
7d065b80-b6a1-4ded-99d0-f730140aa2f0,apemode,3992,Bronze 1,A,Killjoy,205,110.4,52,15,10,5,11,0,1,1
7d065b80-b6a1-4ded-99d0-f730140aa2f0,kiri,6955,Bronze 3,A,Yoru,172,112.2,39,12,15,4,9,4,2,0
7d065b80-b6a1-4ded-99d0-f730140aa2f0,spivigamesyt,5979,Bronze 2,B,Sage,279,163.1,70,19,15,5,14,3,1,3
7d065b80-b6a1-4ded-99d0-f730140aa2f0,pyroplays,FIRE,Silver 1,B,Phoenix,230,132.7,54,15,15,5,8,3,1,1
7d065b80-b6a1-4ded-99d0-f730140aa2f0,clutch,4435,Bronze 2,B,Killjoy,186,120.9,48,9,14,4,12,0,3,1
7d065b80-b6a1-4ded-99d0-f730140aa2f0,my throat,daddy,Bronze 2,B,Skye,183,120.8,53,11,18,6,15,2,5,0
7d065b80-b6a1-4ded-99d0-f730140aa2f0,moonsaka,osaka,Bronze 2,B,Raze,150,88.7,33,10,18,2,10,0,1,1
45efd7bd-071a-4a58-81c2-56dce83f4c70,flare,4369,Diamond 2,A,Chamber,291,179.7,55,30,18,5,16,4,4,2
45efd7bd-071a-4a58-81c2-56dce83f4c70,dhruv r kpopstan,BTS,Platinum 2,A,Jett,281,171.7,53,31,22,2,26,8,3,3
45efd7bd-071a-4a58-81c2-56dce83f4c70,kjtakesnotalent,kjbad,Diamond 1,A,Brimstone,247,157.9,56,26,21,7,32,4,4,1
45efd7bd-071a-4a58-81c2-56dce83f4c70,noaisa4,3998,Diamond 2,A,Sova,215,146.9,63,23,17,8,26,3,0,3
45efd7bd-071a-4a58-81c2-56dce83f4c70,turtle,3055,Platinum 1,A,Sage,139,101.7,33,12,22,12,13,0,0,0
45efd7bd-071a-4a58-81c2-56dce83f4c70,poseidon,CKND1,Diamond 2,B,Reyna,238,161.8,55,26,23,4,23,1,2,1
45efd7bd-071a-4a58-81c2-56dce83f4c70,blurry,CKND3,Platinum 3,B,Sage,212,130.5,47,23,20,11,10,3,5,2
45efd7bd-071a-4a58-81c2-56dce83f4c70,sakumo,2607,Platinum 3,B,Raze,199,140.4,42,18,28,5,14,4,4,1
45efd7bd-071a-4a58-81c2-56dce83f4c70,chappi,bot,Diamond 2,B,Astra,194,131.6,44,19,25,15,23,1,5,2
45efd7bd-071a-4a58-81c2-56dce83f4c70,sparky,789,Unrated,B,Cypher,148,102.7,35,14,26,3,11,2,3,0
5ff08f46-8118-45a4-b243-e5ed1f684dc2,d g,Carp,Gold 3,A,Jett,377,226.4,113,27,12,6,11,5,1,1
5ff08f46-8118-45a4-b243-e5ed1f684dc2,supples,9923,Gold 3,A,Omen,228,152.6,58,18,14,7,25,2,1,1
5ff08f46-8118-45a4-b243-e5ed1f684dc2,mudrat,999,Platinum 1,A,KAY/O,197,128.5,49,14,14,6,13,1,3,0
5ff08f46-8118-45a4-b243-e5ed1f684dc2,pluto,4090,Platinum 2,A,Chamber,187,124.5,50,14,15,3,20,2,5,0
5ff08f46-8118-45a4-b243-e5ed1f684dc2,safarial,2070,Silver 3,A,Sova,158,102.8,38,12,13,8,10,1,0,1
5ff08f46-8118-45a4-b243-e5ed1f684dc2,zuh,9936,Platinum 1,B,Jett,236,152.9,71,19,15,2,15,2,1,1
5ff08f46-8118-45a4-b243-e5ed1f684dc2,dean,5124,Platinum 3,B,Reyna,220,137.9,52,14,19,6,19,3,5,2
5ff08f46-8118-45a4-b243-e5ed1f684dc2,deadwiff,4648,Platinum 1,B,Sage,180,108.2,42,13,17,4,21,0,0,0
5ff08f46-8118-45a4-b243-e5ed1f684dc2,bacco,9243,Gold 1,B,Chamber,177,120.0,47,11,17,7,14,4,3,1
5ff08f46-8118-45a4-b243-e5ed1f684dc2,the kings slave,LMAO,Gold 3,B,Sova,157,103.0,34,11,17,3,37,1,2,1
456e1130-84bc-42f8-8bf9-b0cef02a207c,zer0 sausage,0003,Gold 3,A,Jett,407,233.1,110,29,10,0,34,4,1,2
456e1130-84bc-42f8-8bf9-b0cef02a207c,makmaksse,2001,Gold 2,A,Omen,261,174.9,77,16,13,8,20,2,4,2
456e1130-84bc-42f8-8bf9-b0cef02a207c,gin bilog,y4wa,Silver 1,A,Phoenix,203,140.5,63,13,12,4,24,2,1,1
456e1130-84bc-42f8-8bf9-b0cef02a207c,nabong,twice,Gold 2,A,Sova,159,108.3,54,11,11,2,12,0,5,1
456e1130-84bc-42f8-8bf9-b0cef02a207c,sizzling banana,NAW,Gold 2,A,Killjoy,134,90.2,35,9,10,2,5,0,0,1
456e1130-84bc-42f8-8bf9-b0cef02a207c,stryker2thepeter,NA1,Gold 3,B,Phoenix,346,216.9,87,22,15,3,32,5,1,3
456e1130-84bc-42f8-8bf9-b0cef02a207c,majesticat,momo,Platinum 1,B,Omen,176,117.5,53,10,16,5,16,1,1,1
456e1130-84bc-42f8-8bf9-b0cef02a207c,heegspark,NA1,Silver 3,B,Chamber,157,102.2,49,11,15,1,22,4,1,0
456e1130-84bc-42f8-8bf9-b0cef02a207c,misterflappy,NA1,Platinum 1,B,Reyna,134,97.3,39,9,15,4,17,1,1,0
456e1130-84bc-42f8-8bf9-b0cef02a207c,bluetar,FBK,Silver 2,B,Sova,89,71.3,27,4,17,3,16,0,4,0
ead44b9b-8a5a-46da-af92-40bf6afc3c31,godzie,7691,Diamond 2,A,Jett,280,180.9,95,18,12,2,31,7,4,0
ead44b9b-8a5a-46da-af92-40bf6afc3c31,sirius,MZG7,Immortal 3,A,Chamber,276,172.7,84,19,11,3,25,3,1,2
ead44b9b-8a5a-46da-af92-40bf6afc3c31,im an island boy,one,Immortal 1,A,Reyna,221,155.2,70,14,10,6,18,1,1,1
ead44b9b-8a5a-46da-af92-40bf6afc3c31,jmu ddirocco,DBest,Immortal 1,A,Viper,184,127.6,83,15,8,1,26,0,0,1
ead44b9b-8a5a-46da-af92-40bf6afc3c31,pika,0044,Immortal 3,A,Skye,153,117.9,65,10,12,6,14,1,1,1
ead44b9b-8a5a-46da-af92-40bf6afc3c31,avexedd,1776,Immortal 2,B,Jett,211,122.6,47,14,16,1,28,1,3,0
ead44b9b-8a5a-46da-af92-40bf6afc3c31,69420x,69420,Immortal 2,B,Reyna,186,117.4,50,13,16,3,27,2,4,2
ead44b9b-8a5a-46da-af92-40bf6afc3c31,super idol,1989,Immortal 1,B,Viper,144,97.1,37,9,15,5,26,2,1,1
ead44b9b-8a5a-46da-af92-40bf6afc3c31,musashi,Vatos,Immortal 1,B,Skye,137,100.2,42,10,13,4,27,1,2,1
ead44b9b-8a5a-46da-af92-40bf6afc3c31,solus,TTV,Immortal 2,B,Chamber,124,86.8,32,7,16,2,19,1,2,0
dfdbcf41-16a6-4faf-89cd-4352dbba944e,roccotansky,FFPG,Silver 2,A,Cypher,276,179.4,65,24,16,1,16,1,2,2
dfdbcf41-16a6-4faf-89cd-4352dbba944e,looaye,6158,Bronze 3,A,Sage,256,166.8,58,23,15,7,21,3,2,2
dfdbcf41-16a6-4faf-89cd-4352dbba944e,evo super,NA1,Bronze 2,A,Raze,238,163.8,60,20,17,5,6,4,2,2
dfdbcf41-16a6-4faf-89cd-4352dbba944e,unitedempire,NA1,Unrated,A,Reyna,217,148.1,52,17,17,6,21,5,3,0
dfdbcf41-16a6-4faf-89cd-4352dbba944e,yusuke,FFPG,Bronze 2,A,Brimstone,76,55.2,24,6,14,3,9,1,1,0
dfdbcf41-16a6-4faf-89cd-4352dbba944e,ram riderr,pig,Unrated,B,Jett,284,190.9,93,23,20,2,21,4,3,4
dfdbcf41-16a6-4faf-89cd-4352dbba944e,skii,idc,Silver 1,B,Cypher,256,173.0,65,21,19,3,24,3,3,2
dfdbcf41-16a6-4faf-89cd-4352dbba944e,senseidog,7654,Silver 1,B,Sage,158,113.5,41,11,19,7,10,1,4,1
dfdbcf41-16a6-4faf-89cd-4352dbba944e,white carl,booty,Unrated,B,Reyna,155,104.4,38,14,16,5,25,1,3,0
dfdbcf41-16a6-4faf-89cd-4352dbba944e,ripper,6654,Bronze 3,B,Viper,146,100.1,49,10,16,6,11,1,1,0
89b2018c-0beb-48f3-b12b-8380bafd72b3,lucci,1482,Platinum 2,A,Astra,298,178.3,62,26,18,4,30,3,1,2
89b2018c-0beb-48f3-b12b-8380bafd72b3,beamed,tina,Platinum 3,A,Reyna,256,162.2,66,21,14,2,22,2,1,2
89b2018c-0beb-48f3-b12b-8380bafd72b3,maxwell,2001,Platinum 1,A,Chamber,187,132.0,63,16,15,1,24,2,0,1
89b2018c-0beb-48f3-b12b-8380bafd72b3,griz,bryan,Gold 3,A,Jett,166,123.4,47,12,17,6,20,0,6,0
89b2018c-0beb-48f3-b12b-8380bafd72b3,dribble,CL3AR,Platinum 1,A,Skye,145,99.5,41,13,17,4,20,2,7,1
89b2018c-0beb-48f3-b12b-8380bafd72b3,cpn,1111,Diamond 1,B,Neon,274,170.1,65,23,18,1,18,2,3,3
89b2018c-0beb-48f3-b12b-8380bafd72b3,redery,1234,Platinum 1,B,Reyna,236,158.2,66,20,18,3,38,3,3,1
89b2018c-0beb-48f3-b12b-8380bafd72b3,prestigeyp,NA1,Gold 3,B,Killjoy,177,138.1,56,13,18,4,12,3,0,1
89b2018c-0beb-48f3-b12b-8380bafd72b3,shieeeee,1760,Platinum 1,B,Breach,159,113.8,49,13,16,5,13,3,1,1
89b2018c-0beb-48f3-b12b-8380bafd72b3,omensleftnut,NOCAP,Gold 3,B,Viper,158,103.7,40,12,18,6,16,4,2,1
b43c0d98-0961-43ab-98d7-7d4f54c67d7b,nott3chnical,Worse,Gold 3,A,Phoenix,374,250.7,120,26,16,9,20,7,1,3
b43c0d98-0961-43ab-98d7-7d4f54c67d7b,dullfish12,9877,Gold 3,A,Raze,293,193.2,88,25,12,4,19,3,0,3
b43c0d98-0961-43ab-98d7-7d4f54c67d7b,juantap,LULW,Unrated,A,Omen,291,175.6,69,24,16,3,14,6,0,1
b43c0d98-0961-43ab-98d7-7d4f54c67d7b,disturbedkoala,Bad,Silver 2,A,Skye,180,112.1,37,14,17,5,14,3,3,1
b43c0d98-0961-43ab-98d7-7d4f54c67d7b,bigmoto,4009,Silver 2,A,Sage,77,61.4,23,5,17,13,21,0,0,0
b43c0d98-0961-43ab-98d7-7d4f54c67d7b,nexs toes,hers,Gold 2,B,Cypher,231,159.2,54,16,19,8,16,1,2,2
b43c0d98-0961-43ab-98d7-7d4f54c67d7b,pantherlyle,9949,Gold 1,B,Sage,223,141.4,56,17,18,13,12,1,3,1
b43c0d98-0961-43ab-98d7-7d4f54c67d7b,liquidkori,UwU,Gold 2,B,Jett,206,117.2,49,18,17,3,7,0,2,0
b43c0d98-0961-43ab-98d7-7d4f54c67d7b,rammytheram,9493,Silver 3,B,Reyna,199,129.6,46,14,23,5,11,0,6,2
b43c0d98-0961-43ab-98d7-7d4f54c67d7b,bry cubanmikey,BAHA,Silver 3,B,Skye,194,125.2,51,13,17,12,12,2,6,2
dc46173f-42cd-411b-af31-c7e2ccf6e114,skeeter,sktr,Immortal 2,A,Reyna,358,237.8,100,19,9,7,20,3,0,3
dc46173f-42cd-411b-af31-c7e2ccf6e114,merked,420,Immortal 2,A,Jett,338,199.5,79,18,9,3,26,6,4,2
dc46173f-42cd-411b-af31-c7e2ccf6e114,hasheesh,kebab,Immortal 1,A,Sova,203,143.3,67,12,7,5,21,0,0,0
dc46173f-42cd-411b-af31-c7e2ccf6e114,pompr,6969,Diamond 2,A,Cypher,166,112.2,44,12,9,2,48,1,0,1
dc46173f-42cd-411b-af31-c7e2ccf6e114,hollowthebronze,5365,Diamond 3,A,Astra,101,89.1,34,5,8,3,21,0,2,0
dc46173f-42cd-411b-af31-c7e2ccf6e114,cpn,1111,Diamond 3,B,Astra,221,145.7,63,12,13,1,35,1,1,2
dc46173f-42cd-411b-af31-c7e2ccf6e114,jmu ddirocco,DBest,Immortal 2,B,Jett,207,149.5,62,11,13,2,30,2,3,1
dc46173f-42cd-411b-af31-c7e2ccf6e114,selint,NA1,Immortal 2,B,Reyna,151,104.2,46,7,13,1,23,2,4,0
dc46173f-42cd-411b-af31-c7e2ccf6e114,khark,9336,Diamond 2,B,Killjoy,130,92.9,38,6,13,0,35,0,1,0
dc46173f-42cd-411b-af31-c7e2ccf6e114,zoony,zzz,Immortal 1,B,Skye,124,75.9,33,6,14,3,10,1,1,0
4e587952-f234-4bc3-aee4-b9f6fabc399a,981,6431,Platinum 1,A,Chamber,266,159.9,68,23,14,5,18,3,3,4
4e587952-f234-4bc3-aee4-b9f6fabc399a,bibimbop,6969,Gold 2,A,Sova,234,151.7,65,17,14,9,29,1,2,1
4e587952-f234-4bc3-aee4-b9f6fabc399a, spookyspaghetti,1234,Platinum 3,A,Reyna,213,142.4,53,16,17,5,26,3,2,1
4e587952-f234-4bc3-aee4-b9f6fabc399a,nittëh,OTF,Platinum 2,A,Jett,181,129.3,56,14,16,3,37,3,6,1
4e587952-f234-4bc3-aee4-b9f6fabc399a,positive gamer,smile,Gold 3,A,Omen,144,93.1,37,10,17,5,5,0,0,1
4e587952-f234-4bc3-aee4-b9f6fabc399a,mommy jett,88888,Platinum 1,B,Neon,263,159.8,66,20,16,3,12,5,6,3
4e587952-f234-4bc3-aee4-b9f6fabc399a,mxseo,xqcL,Platinum 1,B,Reyna,201,145.0,59,17,16,3,23,1,1,0
4e587952-f234-4bc3-aee4-b9f6fabc399a,fortnite babe69,8826,Platinum 1,B,Brimstone,195,121.4,50,14,17,7,15,7,3,1
4e587952-f234-4bc3-aee4-b9f6fabc399a,soojin,CAR,Platinum 3,B,Skye,182,125.9,49,14,17,10,20,0,0,0
4e587952-f234-4bc3-aee4-b9f6fabc399a,leon,jjbf,Gold 3,B,Killjoy,140,67.1,31,13,14,4,18,0,0,0
74a79412-faa1-4774-9665-90f0041d9be0,dean,1102,Diamond 1,A,Reyna,363,236.8,76,28,16,6,28,3,4,5
74a79412-faa1-4774-9665-90f0041d9be0,mrsbank,EU1,Diamond 3,A,Viper,232,161.1,77,16,12,6,21,1,0,3
74a79412-faa1-4774-9665-90f0041d9be0,jjang,kek,Diamond 3,A,Jett,222,133.3,51,17,14,2,39,5,3,2
74a79412-faa1-4774-9665-90f0041d9be0,synesthesiac,1881,Platinum 3,A,Skye,129,81.1,34,9,14,6,31,0,4,0
74a79412-faa1-4774-9665-90f0041d9be0,urmomsex,559,Diamond 3,A,Sova,128,90.0,36,9,14,3,14,0,2,0
74a79412-faa1-4774-9665-90f0041d9be0,juul,6558,Immortal 1,B,Raze,268,191.6,69,19,16,5,18,5,3,0
74a79412-faa1-4774-9665-90f0041d9be0,poopman,2361,Diamond 2,B,Chamber,198,131.7,55,16,18,2,38,5,3,1
74a79412-faa1-4774-9665-90f0041d9be0,awesome epic man,6969,Diamond 3,B,Sova,195,138.6,53,15,13,2,26,0,1,2
74a79412-faa1-4774-9665-90f0041d9be0,patrix302,8440,Immortal 1,B,Jett,173,116.0,48,13,17,0,24,2,2,0
74a79412-faa1-4774-9665-90f0041d9be0,ryce,6663,Diamond 3,B,Astra,102,69.2,24,7,15,7,19,1,0,0
cd8f191f-1ccf-445e-af9c-4d1b43e36385,rize,1250,Platinum 2,A,Reyna,267,185.0,64,19,22,10,18,5,0,1
cd8f191f-1ccf-445e-af9c-4d1b43e36385,ttv daulindo,7000,Platinum 2,A,KAY/O,264,174.0,61,23,20,13,17,1,1,3
cd8f191f-1ccf-445e-af9c-4d1b43e36385,dhruv r kpopstan,BTS,Platinum 3,A,Jett,263,171.3,67,23,18,3,27,6,3,3
cd8f191f-1ccf-445e-af9c-4d1b43e36385,daulindo3,9113,Platinum 1,A,Viper,241,156.6,67,22,16,5,15,2,1,3
cd8f191f-1ccf-445e-af9c-4d1b43e36385,gaben,TTV,Platinum 1,A,Sova,153,107.2,38,11,18,9,35,3,2,0
cd8f191f-1ccf-445e-af9c-4d1b43e36385,splooj,6969,Gold 2,B,Chamber,267,172.5,78,21,18,7,17,3,4,0
cd8f191f-1ccf-445e-af9c-4d1b43e36385,flexzera,iwnl,Platinum 1,B,Reyna,248,159.4,78,22,19,6,26,2,4,1
cd8f191f-1ccf-445e-af9c-4d1b43e36385,whos iggy,iwnl,Platinum 1,B,Jett,248,167.5,53,22,20,8,28,1,2,3
cd8f191f-1ccf-445e-af9c-4d1b43e36385,kaspa,4278,Platinum 2,B,Omen,216,143.0,50,19,23,7,20,1,4,1
cd8f191f-1ccf-445e-af9c-4d1b43e36385,raybob,8195,Platinum 3,B,Sage,124,81.0,32,10,18,7,9,0,3,0
d3427720-af92-4e60-8f90-11fe007d3465,cece simp,ily,Diamond 2,A,Jett,293,179.6,73,25,14,5,28,5,1,1
d3427720-af92-4e60-8f90-11fe007d3465,mrzoe278,Zoe,Platinum 3,A,Phoenix,257,162.1,61,20,17,1,37,3,1,0
d3427720-af92-4e60-8f90-11fe007d3465,dullfish12,9877,Platinum 2,A,Killjoy,222,150.5,64,16,12,3,15,1,1,1
d3427720-af92-4e60-8f90-11fe007d3465,blaiss,NA1,Platinum 3,A,Sage,185,146.6,54,14,15,5,15,1,3,0
d3427720-af92-4e60-8f90-11fe007d3465,jiangz diff,9402,Platinum 2,A,Astra,163,108.5,47,10,14,6,16,2,4,0
d3427720-af92-4e60-8f90-11fe007d3465,kuhleb,urmom,Platinum 3,B,Skye,228,163.8,64,17,19,11,27,5,0,1
d3427720-af92-4e60-8f90-11fe007d3465,home of fobic,weird,Diamond 1,B,Jett,226,152.2,64,17,16,3,13,1,2,0
d3427720-af92-4e60-8f90-11fe007d3465,madgamer,LMAO,Diamond 2,B,Raze,215,142.2,53,17,17,4,14,1,5,2
d3427720-af92-4e60-8f90-11fe007d3465,takis,lol,Diamond 1,B,Omen,201,137.6,67,14,15,5,29,3,3,0
d3427720-af92-4e60-8f90-11fe007d3465,carlos,0215,Platinum 2,B,Sage,106,89.5,35,7,18,9,30,0,2,0
5ac168a5-bce9-4e94-9d43-e8866148bf99,liuser23,NA1,Diamond 2,A,Sova,344,245.9,174,22,6,8,29,1,0,2
5ac168a5-bce9-4e94-9d43-e8866148bf99,texas,3405,Diamond 2,A,Jett,277,173.9,77,16,10,4,27,4,2,1
5ac168a5-bce9-4e94-9d43-e8866148bf99,kivlanmadden,colin,Diamond 1,A,Viper,233,158.4,62,13,13,6,27,2,6,1
5ac168a5-bce9-4e94-9d43-e8866148bf99,bedeusaur,rawr,Immortal 1,A,Reyna,223,165.6,76,14,10,4,31,0,2,1
5ac168a5-bce9-4e94-9d43-e8866148bf99,jynx,9833,Diamond 3,A,Cypher,145,92.4,60,10,8,0,36,0,0,0
5ac168a5-bce9-4e94-9d43-e8866148bf99,arima,Thi3n,Immortal 2,B,Astra,231,144.4,53,15,16,3,30,1,0,1
5ac168a5-bce9-4e94-9d43-e8866148bf99,jury,Quock,Platinum 3,B,Cypher,183,121.0,46,9,15,4,17,3,1,0
5ac168a5-bce9-4e94-9d43-e8866148bf99,reaper,TGN,Diamond 2,B,Reyna,164,113.6,44,10,13,1,19,1,2,1
5ac168a5-bce9-4e94-9d43-e8866148bf99,nоλh,0768,Diamond 3,B,Sova,139,99.5,41,8,15,4,21,1,0,0
5ac168a5-bce9-4e94-9d43-e8866148bf99,supreme,0999,Diamond 1,B,Jett,102,74.6,31,5,16,1,28,4,4,0
50c90676-1fa1-4922-8197-60dd1b2e8236,kim jisoo,anyo,Diamond 3,A,Reyna,248,155.7,55,21,20,2,22,5,4,2
50c90676-1fa1-4922-8197-60dd1b2e8236,frowan,2001,Diamond 2,A,Jett,235,155.8,56,20,19,3,32,2,2,2
50c90676-1fa1-4922-8197-60dd1b2e8236,howey,1301,Diamond 3,A,Sova,184,123.8,46,17,16,9,25,1,1,1
50c90676-1fa1-4922-8197-60dd1b2e8236,cpn,1111,Diamond 3,A,Astra,183,126.2,48,14,15,12,21,2,2,1
50c90676-1fa1-4922-8197-60dd1b2e8236,striveacademy,nelly,Diamond 3,A,Killjoy,175,118.3,42,15,18,2,17,4,1,0
50c90676-1fa1-4922-8197-60dd1b2e8236,elo terrorist,hstge,Diamond 3,B,Reyna,234,145.1,51,20,21,7,23,1,4,0
50c90676-1fa1-4922-8197-60dd1b2e8236,beeyiu,000,Diamond 3,B,Astra,231,149.4,66,21,15,3,19,5,1,1
50c90676-1fa1-4922-8197-60dd1b2e8236,mx83,4402,Diamond 2,B,Cypher,215,145.2,55,18,17,4,19,2,4,1
50c90676-1fa1-4922-8197-60dd1b2e8236,eli,nose,Diamond 3,B,Jett,210,125.6,53,18,16,3,30,2,4,2
50c90676-1fa1-4922-8197-60dd1b2e8236,time,NA6,Diamond 2,B,Sova,146,102.1,42,11,18,11,6,0,1,1
974fb9f1-f045-4160-9338-e94f1fed19b9,spintheblock,1466,Silver 2,A,Reyna,342,206.1,88,20,5,3,16,4,1,2
974fb9f1-f045-4160-9338-e94f1fed19b9,slatt,1879,Gold 1,A,Jett,328,225.5,84,18,9,1,21,4,1,2
974fb9f1-f045-4160-9338-e94f1fed19b9,didntplaythebeta,8976,Silver 1,A,Killjoy,271,167.3,125,15,5,3,14,3,1,1
974fb9f1-f045-4160-9338-e94f1fed19b9,gastful,2020,Bronze 3,A,Viper,170,113.8,53,10,8,4,12,0,0,0
974fb9f1-f045-4160-9338-e94f1fed19b9,3  3  3,3533,Silver 1,A,Sova,117,85.5,41,7,8,5,14,0,1,1
974fb9f1-f045-4160-9338-e94f1fed19b9,pearpea,NA1,Silver 2,B,Raze,267,163.0,62,13,15,3,16,1,3,2
974fb9f1-f045-4160-9338-e94f1fed19b9,i make big flayz,NA1,Silver 3,B,Sova,192,125.7,58,9,12,8,24,1,3,1
974fb9f1-f045-4160-9338-e94f1fed19b9,bigmoto,4009,Unrated,B,Reyna,162,130.0,57,6,13,5,16,1,2,1
974fb9f1-f045-4160-9338-e94f1fed19b9,taichi,9393,Silver 3,B,Skye,115,89.3,40,4,15,6,6,0,1,0
974fb9f1-f045-4160-9338-e94f1fed19b9,tribycx,9753,Unrated,B,Omen,77,58.5,26,3,15,3,8,1,2,0
15a01190-6bb3-4968-ab32-6bc4ffb5b4fc,sunii,sunii,Platinum 2,A,Skye,266,186.4,72,24,18,5,30,2,3,4
15a01190-6bb3-4968-ab32-6bc4ffb5b4fc,ricee,gum,Unrated,A,Jett,248,160.2,68,23,17,3,19,2,3,1
15a01190-6bb3-4968-ab32-6bc4ffb5b4fc,shimmy,Shimm,Gold 2,A,Chamber,221,146.5,58,19,18,1,27,5,1,1
15a01190-6bb3-4968-ab32-6bc4ffb5b4fc,bootygaming,123,Platinum 1,A,Viper,187,122.0,52,14,18,8,16,3,2,1
15a01190-6bb3-4968-ab32-6bc4ffb5b4fc,pteradon75757,NA1,Gold 3,A,Reyna,179,133.7,42,14,19,5,38,1,2,0
15a01190-6bb3-4968-ab32-6bc4ffb5b4fc,yuuki wakura,slave,Platinum 2,B,Viper,302,207.6,88,28,18,4,31,5,5,3
15a01190-6bb3-4968-ab32-6bc4ffb5b4fc,dhruv r kpopstan,BTS,Gold 3,B,Jett,275,194.7,60,22,20,10,31,4,3,2
15a01190-6bb3-4968-ab32-6bc4ffb5b4fc,ren yamashiro,10th,Platinum 3,B,Sova,189,138.5,61,15,17,4,42,0,1,2
15a01190-6bb3-4968-ab32-6bc4ffb5b4fc,umeboshi,NA1,Gold 3,B,Reyna,173,118.0,41,13,20,4,26,2,1,1
15a01190-6bb3-4968-ab32-6bc4ffb5b4fc,bigboy519,NA1,Gold 3,B,Sage,130,103.2,45,12,19,4,33,0,3,0
160aa372-7b3a-4507-a314-98f36a13d3d7,kasaknight,5862,Platinum 1,A,Phoenix,378,229.6,93,31,17,4,26,3,1,5
160aa372-7b3a-4507-a314-98f36a13d3d7,dhruv r kpopstan,BTS,Platinum 2,A,Chamber,206,140.4,62,16,15,4,25,4,2,1
160aa372-7b3a-4507-a314-98f36a13d3d7,daddy epsilon,7892,Platinum 1,A,Reyna,169,114.1,49,14,17,4,40,1,7,2
160aa372-7b3a-4507-a314-98f36a13d3d7,walmartping,NFLD,Platinum 1,A,Jett,159,109.3,51,14,17,3,31,3,3,0
160aa372-7b3a-4507-a314-98f36a13d3d7,faith,100,Platinum 1,A,Astra,132,91.5,39,9,15,6,29,0,0,0
160aa372-7b3a-4507-a314-98f36a13d3d7,stark,crack,Platinum 1,B,Phoenix,277,183.1,74,22,17,3,27,7,3,3
160aa372-7b3a-4507-a314-98f36a13d3d7,レ握ォ,pee,Platinum 2,B,Jett,246,174.0,73,20,16,6,12,1,1,2
160aa372-7b3a-4507-a314-98f36a13d3d7,monkistan,NA1,Unrated,B,Skye,224,146.0,64,19,16,1,19,1,0,1
160aa372-7b3a-4507-a314-98f36a13d3d7,clon,9467,Gold 2,B,Sage,164,108.0,38,12,17,3,7,3,6,0
160aa372-7b3a-4507-a314-98f36a13d3d7,ryu ga waga teki,karau,Platinum 1,B,Omen,103,70.1,27,8,18,6,7,1,1,0
acb33e60-c12f-4e3a-8dd1-18a8991fc774,iks observer,0519,Gold 3,A,Breach,363,218.4,156,15,2,1,32,3,0,1
acb33e60-c12f-4e3a-8dd1-18a8991fc774,mohwee,0001,Gold 3,A,Raze,344,219.9,109,13,2,2,12,1,0,1
acb33e60-c12f-4e3a-8dd1-18a8991fc774,pp lickr,7311,Gold 3,A,Sage,172,95.4,68,6,4,8,17,0,0,0
acb33e60-c12f-4e3a-8dd1-18a8991fc774,아리아,귀여워,Gold 1,A,Reyna,162,121.5,71,5,5,5,28,1,2,0
acb33e60-c12f-4e3a-8dd1-18a8991fc774,pop,0413,Platinum 1,A,Brimstone,142,117.0,65,5,6,2,20,1,1,0
acb33e60-c12f-4e3a-8dd1-18a8991fc774,trill,ill,Platinum 1,B,Chamber,199,112.9,56,6,9,3,18,2,0,1
acb33e60-c12f-4e3a-8dd1-18a8991fc774,dhruv r kpopstan,BTS,Gold 3,B,Reyna,148,96.8,46,5,9,0,36,0,1,0
acb33e60-c12f-4e3a-8dd1-18a8991fc774,tylarr00lz,8818,Silver 3,B,Skye,107,84.1,40,3,8,2,19,0,0,1
acb33e60-c12f-4e3a-8dd1-18a8991fc774,pain,SOSA,Gold 3,B,Sage,93,68.6,32,2,9,7,13,0,1,0
acb33e60-c12f-4e3a-8dd1-18a8991fc774,drug,adict,Gold 3,B,Jett,91,61.3,27,3,9,0,50,1,4,0
e28333b3-fb06-401e-a116-49924aca7f9c,pasta,Daddy,Immortal 2,A,Sage,276,181.4,76,16,9,6,30,2,1,1
e28333b3-fb06-401e-a116-49924aca7f9c,faceless,2694,Diamond 3,A,Chamber,275,176.2,72,15,9,3,21,3,1,1
e28333b3-fb06-401e-a116-49924aca7f9c,hamesalwayswins,2660,Immortal 2,A,Brimstone,246,165.1,77,15,8,6,21,1,3,1
e28333b3-fb06-401e-a116-49924aca7f9c,fierystriker,MVP,Immortal 1,A,Sova,216,133.9,64,14,5,3,26,2,1,1
e28333b3-fb06-401e-a116-49924aca7f9c,liuser23,NA1,Unrated,A,Raze,187,130.6,59,10,10,2,17,1,1,0
e28333b3-fb06-401e-a116-49924aca7f9c,justviper,5293,Immortal 2,B,Chamber,233,148.2,65,13,13,1,38,0,0,1
e28333b3-fb06-401e-a116-49924aca7f9c,b2 khun,TOG,Immortal 1,B,Omen,159,103.9,41,9,14,2,36,2,1,0
e28333b3-fb06-401e-a116-49924aca7f9c,odg loax,loax,Immortal 2,B,Reyna,150,111.7,42,5,15,5,17,2,3,0
e28333b3-fb06-401e-a116-49924aca7f9c,polar,69  ,Diamond 3,B,Jett,142,96.1,42,8,15,1,25,3,4,1
e28333b3-fb06-401e-a116-49924aca7f9c,c1 tbite,TTV,Immortal 1,B,Skye,111,77.3,30,6,13,2,50,0,1,0
8ae2e161-4a6d-4b27-b21d-59247a4f003a,goob,jake,Platinum 3,A,Breach,310,189.9,63,21,17,5,40,4,1,4
8ae2e161-4a6d-4b27-b21d-59247a4f003a,amcawptr,8756,Platinum 3,A,Skye,233,168.6,86,18,10,1,31,1,1,0
8ae2e161-4a6d-4b27-b21d-59247a4f003a,ghostyjp,NA1,Platinum 1,A,Reyna,196,144.0,60,14,12,4,14,0,3,0
8ae2e161-4a6d-4b27-b21d-59247a4f003a,salamander,huh,Gold 3,A,Omen,161,124.9,43,10,16,6,24,4,2,1
8ae2e161-4a6d-4b27-b21d-59247a4f003a,locked on top,7734,Platinum 1,A,Cypher,157,113.1,45,11,11,4,18,0,3,1
8ae2e161-4a6d-4b27-b21d-59247a4f003a,мaestro,1724,Gold 3,B,Omen,285,199.5,77,19,15,10,31,2,1,3
8ae2e161-4a6d-4b27-b21d-59247a4f003a,dhruv r kpopstan,BTS,Gold 3,B,Neon,235,152.6,61,15,16,4,18,4,3,1
8ae2e161-4a6d-4b27-b21d-59247a4f003a,dazai,yuki,Platinum 1,B,Chamber,188,133.5,60,12,13,3,20,1,2,0
8ae2e161-4a6d-4b27-b21d-59247a4f003a,revarin,0215,Platinum 2,B,Sova,184,132.5,53,12,15,2,23,1,0,0
8ae2e161-4a6d-4b27-b21d-59247a4f003a,poopy,2974,Gold 3,B,Jett,117,82.2,35,8,15,3,25,2,3,0
85fe6dfb-7c60-4147-b140-322aeed98070,kurama,wrath,Diamond 3,A,Viper,297,201.7,63,25,14,10,39,3,0,0
85fe6dfb-7c60-4147-b140-322aeed98070,demons,ots,Diamond 1,A,Reyna,229,145.4,68,19,14,4,28,3,5,2
85fe6dfb-7c60-4147-b140-322aeed98070,this game trash,LLV,Diamond 1,A,Sova,228,152.3,76,18,15,5,27,3,1,2
85fe6dfb-7c60-4147-b140-322aeed98070,hunnyu,222,Diamond 1,A,Jett,226,133.5,52,17,21,4,8,4,3,1
85fe6dfb-7c60-4147-b140-322aeed98070,jaden,Fruit,Diamond 3,A,Sage,190,145.5,68,15,15,9,32,1,0,2
85fe6dfb-7c60-4147-b140-322aeed98070,puffyball64,6400,Gold 1,B,Sova,286,175.6,77,24,17,9,9,1,0,2
85fe6dfb-7c60-4147-b140-322aeed98070,jiangz diff,9402,Gold 3,B,Astra,227,152.0,59,18,17,6,20,2,2,1
85fe6dfb-7c60-4147-b140-322aeed98070,arctite,4881,Diamond 3,B,Phoenix,209,140.3,54,16,20,7,17,2,4,1
85fe6dfb-7c60-4147-b140-322aeed98070,liuser23,NA1,Diamond 3,B,Jett,203,150.9,56,13,20,12,13,2,5,0
85fe6dfb-7c60-4147-b140-322aeed98070,ignor3d,LULW,Diamond 1,B,Sage,107,71.8,28,8,20,7,8,2,3,0
a1e9f734-2572-495c-8a3a-e5b394b0bf51,moosey,moose,Gold 3,A,Reyna,396,250.0,92,34,16,0,24,4,2,5
a1e9f734-2572-495c-8a3a-e5b394b0bf51,baesokun,NA1,Platinum 1,A,Neon,223,150.5,60,15,21,8,11,3,3,0
a1e9f734-2572-495c-8a3a-e5b394b0bf51,peregrine,232,Platinum 1,A,Sage,185,119.3,48,16,18,7,16,2,4,1
a1e9f734-2572-495c-8a3a-e5b394b0bf51,theesushi,WDMD,Platinum 1,A,Viper,184,116.6,46,16,14,5,24,3,2,2
a1e9f734-2572-495c-8a3a-e5b394b0bf51,사나 is bae,sha,Platinum 1,A,Astra,178,107.3,37,16,18,4,32,1,0,0
a1e9f734-2572-495c-8a3a-e5b394b0bf51,dekstre,6050,Platinum 1,B,Skye,262,175.2,70,21,20,2,54,2,7,4
a1e9f734-2572-495c-8a3a-e5b394b0bf51,semi,216,Platinum 1,B,Reyna,254,166.1,73,21,18,2,32,4,1,3
a1e9f734-2572-495c-8a3a-e5b394b0bf51,bibimbop,6969,Gold 2,B,Astra,238,165.5,65,19,17,8,28,0,1,1
a1e9f734-2572-495c-8a3a-e5b394b0bf51,kirito,3786,Unrated,B,Jett,164,98.7,38,13,21,2,36,4,2,0
a1e9f734-2572-495c-8a3a-e5b394b0bf51,rydaaa01,NA1,Gold 3,B,Sage,163,95.1,37,13,21,7,19,1,2,0
5aca5101-b662-4ce6-b708-5f09374385a4,cyclone,Food,Gold 1,A,Reyna,350,206.5,76,27,16,6,23,6,3,3
5aca5101-b662-4ce6-b708-5f09374385a4,soph,astn,Platinum 2,A,Killjoy,266,187.3,89,20,12,6,37,1,0,0
5aca5101-b662-4ce6-b708-5f09374385a4,stryker2thepeter,NA1,Gold 3,A,Raze,219,149.0,59,16,16,6,15,3,0,2
5aca5101-b662-4ce6-b708-5f09374385a4,mr pibb,5249,Gold 2,A,Sage,183,121.1,47,13,14,9,10,3,2,1
5aca5101-b662-4ce6-b708-5f09374385a4,wenslo,NA1,Gold 3,A,Astra,149,105.9,42,10,14,5,16,2,1,0
5aca5101-b662-4ce6-b708-5f09374385a4,0sanchez0,4845,Gold 3,B,Reyna,304,196.7,79,23,16,0,25,1,3,5
5aca5101-b662-4ce6-b708-5f09374385a4,jadedash,9347,Gold 3,B,Raze,235,169.8,61,14,18,5,11,3,6,1
5aca5101-b662-4ce6-b708-5f09374385a4,sugoi,Desne,Platinum 1,B,Skye,209,136.9,56,15,17,3,22,0,2,1
5aca5101-b662-4ce6-b708-5f09374385a4,kkilla,444,Gold 1,B,Sage,153,94.4,33,11,18,8,15,2,3,0
5aca5101-b662-4ce6-b708-5f09374385a4,shteb,NA1,Platinum 1,B,Brimstone,147,100.9,43,9,17,12,5,0,1,0
be95eaa3-2890-46f1-b911-7bb1b17c34a3,xanny,0666,Diamond 3,A,Jett,321,183.7,67,24,18,5,19,5,2,2
be95eaa3-2890-46f1-b911-7bb1b17c34a3,halo,7299,Diamond 1,A,Chamber,269,197.3,90,21,11,5,25,0,0,2
be95eaa3-2890-46f1-b911-7bb1b17c34a3,playerrnggame,5050,Diamond 3,A,Neon,259,189.0,74,17,13,13,21,3,0,0
be95eaa3-2890-46f1-b911-7bb1b17c34a3,sief,hdsht,Diamond 1,A,Skye,190,143.0,50,13,18,7,26,3,4,0
be95eaa3-2890-46f1-b911-7bb1b17c34a3,jmu ddirocco,DBest,Immortal 1,A,Brimstone,149,90.9,40,13,12,5,29,1,3,1
be95eaa3-2890-46f1-b911-7bb1b17c34a3,runaway,imy,Immortal 3,B,Raze,345,222.0,87,25,15,3,28,2,1,2
be95eaa3-2890-46f1-b911-7bb1b17c34a3,wingcent,7u7,Diamond 2,B,Reyna,232,160.5,63,17,18,4,33,3,2,1
be95eaa3-2890-46f1-b911-7bb1b17c34a3,delegend,0000,Immortal 2,B,Jett,173,123.7,47,13,20,2,39,2,3,0
be95eaa3-2890-46f1-b911-7bb1b17c34a3,zide,dif,Unrated,B,Phoenix,171,127.7,51,11,16,5,35,2,1,0
be95eaa3-2890-46f1-b911-7bb1b17c34a3,prod,4545,Immortal 1,B,Neon,86,51.3,20,6,19,2,7,0,5,1
9690174e-6bb1-4bde-8752-a4fbeb141554,pwn,inone,Diamond 3,A,Yoru,310,210.3,62,29,24,7,39,6,1,2
9690174e-6bb1-4bde-8752-a4fbeb141554,jmu ddirocco,DBest,Immortal 1,A,Jett,277,185.6,77,28,23,9,34,3,4,4
9690174e-6bb1-4bde-8752-a4fbeb141554,bench,idc,Diamond 3,A,Sage,233,178.2,59,22,19,11,25,2,0,1
9690174e-6bb1-4bde-8752-a4fbeb141554,jovir,Jovir,Immortal 1,A,Brimstone,208,139.5,44,21,21,15,56,3,2,1
9690174e-6bb1-4bde-8752-a4fbeb141554,1beg,Hasty,Immortal 1,A,Chamber,134,96.4,35,12,23,5,26,3,4,0
9690174e-6bb1-4bde-8752-a4fbeb141554,guzman,God,Immortal 1,B,Reyna,357,238.9,81,34,22,4,28,6,3,4
9690174e-6bb1-4bde-8752-a4fbeb141554,freeloxdツ,free,Immortal 2,B,Raze,228,151.2,53,23,21,4,28,2,5,1
9690174e-6bb1-4bde-8752-a4fbeb141554,effzy,8131,Immortal 2,B,Neon,200,136.0,41,19,25,6,21,0,3,2
9690174e-6bb1-4bde-8752-a4fbeb141554,burger man,burgr,Immortal 1,B,Yoru,178,99.6,34,18,21,3,16,2,4,2
9690174e-6bb1-4bde-8752-a4fbeb141554,icy,sit,Diamond 2,B,Jett,178,129.5,45,16,23,9,30,1,2,1
93d5e10e-d53a-49a2-b0da-10b96108cdd5,emeraldnate,ocean,Platinum 1,A,Jett,323,201.7,73,27,20,6,21,5,3,5
93d5e10e-d53a-49a2-b0da-10b96108cdd5,jsze02,8559,Gold 1,A,Viper,288,188.4,70,24,18,10,31,4,2,3
93d5e10e-d53a-49a2-b0da-10b96108cdd5,thor,ocean,Gold 1,A,Chamber,234,156.4,56,20,16,2,23,3,1,1
93d5e10e-d53a-49a2-b0da-10b96108cdd5,matty,1040,Platinum 1,A,Raze,210,157.2,59,17,17,9,14,2,2,1
93d5e10e-d53a-49a2-b0da-10b96108cdd5,sadboywang,1121,Gold 1,A,Killjoy,135,85.1,33,11,15,4,11,0,2,0
93d5e10e-d53a-49a2-b0da-10b96108cdd5,perx,3030,Gold 3,B,Reyna,299,180.4,74,26,16,5,13,2,3,3
93d5e10e-d53a-49a2-b0da-10b96108cdd5,polarpob,7858,Platinum 1,B,Omen,273,183.2,62,22,22,5,35,2,3,3
93d5e10e-d53a-49a2-b0da-10b96108cdd5,proteincigs,1655,Platinum 2,B,Sova,173,119.3,56,13,17,12,9,3,2,1
93d5e10e-d53a-49a2-b0da-10b96108cdd5,stryker2thepeter,NA1,Gold 3,B,Raze,173,121.7,47,14,22,9,19,3,2,2
93d5e10e-d53a-49a2-b0da-10b96108cdd5,hasbulla,0110,Gold 1,B,Sage,135,83.2,31,11,22,7,10,0,4,1
de2fef72-347f-48cf-86a5-3e59ab0baae9,samsamsamsam,5653,Platinum 1,A,Reyna,333,227.5,98,20,8,3,33,4,2,2
de2fef72-347f-48cf-86a5-3e59ab0baae9,okeyd0key,6656,Platinum 2,A,Sova,276,179.4,68,16,7,5,11,1,3,2
de2fef72-347f-48cf-86a5-3e59ab0baae9,slothy,0420,Platinum 1,A,Killjoy,225,133.4,52,14,7,3,20,2,0,0
de2fef72-347f-48cf-86a5-3e59ab0baae9,jmprs,xos,Platinum 3,A,Jett,197,136.2,66,11,11,6,17,2,0,0
de2fef72-347f-48cf-86a5-3e59ab0baae9,pizzabagle,NA1,Diamond 1,A,Viper,180,122.3,57,10,7,3,16,1,1,0
de2fef72-347f-48cf-86a5-3e59ab0baae9,su conrad,LAG,Platinum 2,B,Skye,261,177.3,72,12,13,6,25,3,2,1
de2fef72-347f-48cf-86a5-3e59ab0baae9,xenon,PT54,Platinum 3,B,Viper,208,128.4,48,11,14,2,16,1,1,0
de2fef72-347f-48cf-86a5-3e59ab0baae9,cryme x equinox,7958,Unrated,B,Reyna,192,154.6,70,9,15,3,42,1,4,1
de2fef72-347f-48cf-86a5-3e59ab0baae9,amypham5,6082,Unrated,B,Sage,104,71.6,35,5,15,4,7,0,1,0
de2fef72-347f-48cf-86a5-3e59ab0baae9,dhruv r kpopstan,BTS,Platinum 1,B,Jett,47,31.2,17,3,14,0,0,1,2,0
6452fe06-4e36-41ba-8e0f-e8e67ce85747,toxik,215,Diamond 3,A,Reyna,346,233.4,86,28,20,1,28,5,3,3
6452fe06-4e36-41ba-8e0f-e8e67ce85747,i killed u,bye,Immortal 1,A,Chamber,252,146.5,61,22,20,1,13,2,1,0
6452fe06-4e36-41ba-8e0f-e8e67ce85747,ehditz,xoxo,Diamond 3,A,Sova,225,158.1,72,21,14,5,25,1,0,2
6452fe06-4e36-41ba-8e0f-e8e67ce85747,playerrnggame,5050,Diamond 2,A,Neon,147,110.4,42,9,19,9,17,3,8,0
6452fe06-4e36-41ba-8e0f-e8e67ce85747,prime,sucks,Diamond 1,A,Viper,128,87.3,36,9,20,5,29,1,0,0
6452fe06-4e36-41ba-8e0f-e8e67ce85747,jmu ddirocco,DBest,Immortal 1,B,Jett,252,162.6,63,22,18,5,20,3,5,3
6452fe06-4e36-41ba-8e0f-e8e67ce85747,jmu zoboomafoo,2001,Diamond 1,B,Sova,244,161.5,64,20,15,6,39,1,0,2
6452fe06-4e36-41ba-8e0f-e8e67ce85747,senpai,사랑해,Diamond 3,B,Reyna,241,165.2,61,21,18,3,21,4,0,2
6452fe06-4e36-41ba-8e0f-e8e67ce85747,alurt,1234,Diamond 3,B,Viper,195,124.6,49,17,17,5,27,2,2,2
6452fe06-4e36-41ba-8e0f-e8e67ce85747,oaqyii,boba,Diamond 3,B,Neon,170,108.8,42,13,21,4,22,2,5,0
daf80d6f-5d42-467c-8125-e77fb17ace03,captain queff,6969,Silver 3,A,Reyna,422,268.0,134,29,11,4,17,5,1,5
daf80d6f-5d42-467c-8125-e77fb17ace03,simpie,simp,Unrated,A,Jett,270,169.9,79,19,14,4,18,2,4,1
daf80d6f-5d42-467c-8125-e77fb17ace03,unitedempire,NA1,Silver 2,A,KAY/O,225,160.6,69,15,13,9,15,2,0,2
daf80d6f-5d42-467c-8125-e77fb17ace03,itzwrath,KMX,Gold 1,A,Chamber,150,107.7,53,10,12,2,17,2,2,1
daf80d6f-5d42-467c-8125-e77fb17ace03,ヅ førsencd so ヅ,ヅヅヅヅ,Silver 3,A,Cypher,147,94.0,42,11,12,9,14,2,0,0
daf80d6f-5d42-467c-8125-e77fb17ace03,boros,444,Silver 2,B,Cypher,232,164.7,70,15,16,3,20,0,1,2
daf80d6f-5d42-467c-8125-e77fb17ace03,billmcawsome,NA1,Gold 1,B,Brimstone,224,156.1,54,15,15,2,18,2,1,3
daf80d6f-5d42-467c-8125-e77fb17ace03,aqua10k,7414,Unrated,B,Reyna,204,144.6,61,18,16,2,31,0,2,1
daf80d6f-5d42-467c-8125-e77fb17ace03,protato,2042,Unrated,B,Sage,123,93.5,37,7,18,4,17,1,3,1
daf80d6f-5d42-467c-8125-e77fb17ace03,oppa,POOPY,Silver 3,B,Jett,121,79.2,32,7,19,2,11,4,6,0
7aec875b-2b09-4cd2-8af9-4f5ea8a20fcd,yola,Yola,Platinum 1,A,Raze,286,174.9,65,20,19,8,10,4,3,0
7aec875b-2b09-4cd2-8af9-4f5ea8a20fcd,hate bein sova,420,Platinum 3,A,Chamber,256,165.7,81,20,16,7,33,2,2,2
7aec875b-2b09-4cd2-8af9-4f5ea8a20fcd,fred brimstone ,NA1,Platinum 1,A,Neon,193,129.4,45,16,20,4,20,1,8,1
7aec875b-2b09-4cd2-8af9-4f5ea8a20fcd,garfredo,NA1,Platinum 1,A,Cypher,166,108.9,46,15,14,6,16,1,1,1
7aec875b-2b09-4cd2-8af9-4f5ea8a20fcd,rfk,9809,Platinum 2,A,Brimstone,136,86.2,33,12,16,7,13,0,1,0
7aec875b-2b09-4cd2-8af9-4f5ea8a20fcd,ojtender,NA1,Platinum 3,B,Chamber,270,174.3,87,23,15,1,40,6,0,2
7aec875b-2b09-4cd2-8af9-4f5ea8a20fcd,cpn,1111,Platinum 3,B,Viper,243,154.1,53,19,19,7,20,2,2,1
7aec875b-2b09-4cd2-8af9-4f5ea8a20fcd,thumbop,NA1,Diamond 1,B,Skye,230,147.0,60,19,15,7,24,4,1,2
7aec875b-2b09-4cd2-8af9-4f5ea8a20fcd,lmaooer,acab,Silver 3,B,Reyna,164,105.8,38,13,17,9,6,2,3,0
7aec875b-2b09-4cd2-8af9-4f5ea8a20fcd,bardle,NA1,Bronze 3,B,Brimstone,142,83.8,30,11,17,12,9,1,2,0
c8357ae1-4755-4815-accd-ddf088c7fb23,pingkfp,6668,Platinum 1,A,Reyna,330,219.3,75,26,17,6,32,4,1,4
c8357ae1-4755-4815-accd-ddf088c7fb23,dhruv r kpopstan,BTS,Gold 3,A,Raze,301,191.5,61,25,20,3,21,2,1,3
c8357ae1-4755-4815-accd-ddf088c7fb23,antwôn,NA1,Platinum 1,A,Omen,174,114.1,42,13,17,8,13,1,4,1
c8357ae1-4755-4815-accd-ddf088c7fb23,quickdrawmcgee,jimbo,Gold 3,A,Chamber,168,111.3,44,13,19,5,9,2,3,0
c8357ae1-4755-4815-accd-ddf088c7fb23,kjtakesnotalent,kjbad,Platinum 2,A,Sova,159,106.4,47,15,16,1,48,2,3,0
c8357ae1-4755-4815-accd-ddf088c7fb23,jbaby,000,Gold 3,B,Astra,333,203.0,72,28,19,6,21,1,2,3
c8357ae1-4755-4815-accd-ddf088c7fb23,qast,CBT,Platinum 1,B,Reyna,277,184.9,63,22,20,5,24,5,3,2
c8357ae1-4755-4815-accd-ddf088c7fb23,ashiaku,NA1,Platinum 1,B,Jett,221,154.1,72,15,19,8,14,3,4,2
c8357ae1-4755-4815-accd-ddf088c7fb23,mank0,1223,Gold 2,B,Sova,182,130.1,54,17,16,6,21,3,0,1
c8357ae1-4755-4815-accd-ddf088c7fb23,codurrr,9320,Gold 2,B,Killjoy,99,88.5,42,7,18,4,15,0,2,0
838bb09c-07d5-45f2-a32c-34ceb2c20cdc,arctite,4881,Diamond 2,A,Phoenix,370,210.3,140,28,10,4,27,9,6,3
838bb09c-07d5-45f2-a32c-34ceb2c20cdc,liuser23,NA1,Diamond 2,A,Raze,290,183.2,89,20,10,5,13,2,0,2
838bb09c-07d5-45f2-a32c-34ceb2c20cdc,ignor3d,LULW,Platinum 3,A,Killjoy,186,131.9,59,13,13,4,12,0,0,0
838bb09c-07d5-45f2-a32c-34ceb2c20cdc,jiangz diff,9402,Gold 3,A,Sova,182,126.1,57,12,13,6,11,0,0,0
838bb09c-07d5-45f2-a32c-34ceb2c20cdc,i make big flayz,NA1,Gold 3,A,Brimstone,103,67.1,31,7,13,8,3,1,2,0
838bb09c-07d5-45f2-a32c-34ceb2c20cdc,zetsu,ten,Unrated,B,Jett,231,142.1,56,16,16,2,22,5,4,0
838bb09c-07d5-45f2-a32c-34ceb2c20cdc,月の願い,1788,Diamond 2,B,Skye,179,122.2,43,11,16,6,12,2,4,0
838bb09c-07d5-45f2-a32c-34ceb2c20cdc,monkey,tyuio,Platinum 2,B,Sage,171,105.2,48,12,15,3,27,1,2,1
838bb09c-07d5-45f2-a32c-34ceb2c20cdc,mommy,01010,Platinum 2,B,Omen,143,97.2,38,10,16,3,24,0,0,0
838bb09c-07d5-45f2-a32c-34ceb2c20cdc,tysn,2400,Diamond 2,B,Yoru,130,80.0,26,10,17,0,24,0,2,1
fdfcfa98-8af7-425f-9277-7fa58aa7b3de,honey lay emily,28432,Gold 1,A,Jett,424,275.1,246,26,7,5,25,2,0,5
fdfcfa98-8af7-425f-9277-7fa58aa7b3de,tor,100,Gold 1,A,Reyna,250,162.0,57,16,10,5,20,3,2,1
fdfcfa98-8af7-425f-9277-7fa58aa7b3de,baycyngu,69sp,Silver 3,A,Sage,216,147.5,53,14,10,6,21,3,1,1
fdfcfa98-8af7-425f-9277-7fa58aa7b3de,realcold,NA1,Silver 2,A,Skye,182,135.0,54,11,13,11,18,2,2,0
fdfcfa98-8af7-425f-9277-7fa58aa7b3de,jordan,thai,Silver 3,A,Brimstone,181,130.3,44,11,13,11,27,1,1,0
fdfcfa98-8af7-425f-9277-7fa58aa7b3de,alexandør,1210,Gold 1,B,Killjoy,258,185.7,73,14,15,6,25,2,0,1
fdfcfa98-8af7-425f-9277-7fa58aa7b3de,steezycamz,NA1,Silver 1,B,Neon,246,154.9,61,12,16,6,4,2,4,0
fdfcfa98-8af7-425f-9277-7fa58aa7b3de,coop,2662,Gold 1,B,Reyna,209,145.3,63,11,15,5,15,1,4,2
fdfcfa98-8af7-425f-9277-7fa58aa7b3de,findingzimo,NA1,Silver 1,B,Raze,183,137.5,55,9,16,3,13,0,3,1
fdfcfa98-8af7-425f-9277-7fa58aa7b3de,reallitho,1212,Gold 2,B,Sova,160,124.9,47,7,16,7,14,1,0,0
37ab45dd-4453-4194-a6d6-eaf8e2446078,ghost of kyiv,киева,Immortal 2,A,Jett,284,191.5,76,18,9,3,28,2,1,0
37ab45dd-4453-4194-a6d6-eaf8e2446078,spike rush king,1795,Diamond 3,A,Chamber,274,173.8,65,18,12,3,28,2,0,1
37ab45dd-4453-4194-a6d6-eaf8e2446078,resync,5000,Immortal 1,A,KAY/O,227,161.8,69,13,12,7,22,1,4,1
37ab45dd-4453-4194-a6d6-eaf8e2446078,zylox,1111,Diamond 3,A,Reyna,211,155.5,59,15,12,5,30,1,3,1
37ab45dd-4453-4194-a6d6-eaf8e2446078,laark,LAARK,Diamond 3,A,Skye,116,72.8,27,9,10,2,25,1,3,0
37ab45dd-4453-4194-a6d6-eaf8e2446078,realcartivamp98,CARTI,Immortal 1,B,Jett,331,205.0,80,20,16,3,19,8,2,2
37ab45dd-4453-4194-a6d6-eaf8e2446078,jmu noaisaraf,NA2,Immortal 2,B,Sova,205,143.7,57,12,14,9,13,0,1,0
37ab45dd-4453-4194-a6d6-eaf8e2446078,jmu ddirocco,DBest,Immortal 3,B,Reyna,202,129.5,50,13,14,1,21,3,1,0
37ab45dd-4453-4194-a6d6-eaf8e2446078,qts,1030,Immortal 1,B,Viper,86,67.4,25,5,15,2,12,0,2,0
37ab45dd-4453-4194-a6d6-eaf8e2446078,zayb,230,Immortal 1,B,Skye,85,63.5,27,5,14,5,17,0,1,0
ee11d830-bc2c-40b2-8356-f9c1fc2b44f5,spo9nglubohb,sus,Silver 2,A,Chamber,271,170.1,77,21,14,2,21,3,1,3
ee11d830-bc2c-40b2-8356-f9c1fc2b44f5,ghosty,dicks,Gold 2,A,Reyna,268,183.5,67,19,15,7,15,4,1,1
ee11d830-bc2c-40b2-8356-f9c1fc2b44f5,rayn,LLLLL,Silver 3,A,Jett,243,161.0,67,18,14,4,18,3,3,2
ee11d830-bc2c-40b2-8356-f9c1fc2b44f5,ordinarywombat,5778,Gold 3,A,Sage,239,147.7,50,18,17,6,15,3,0,1
ee11d830-bc2c-40b2-8356-f9c1fc2b44f5,deadwiff,4648,Gold 3,A,Omen,163,109.6,46,12,12,5,14,3,0,1
ee11d830-bc2c-40b2-8356-f9c1fc2b44f5,pluc9,NA1,Gold 2,B,Jett,336,232.9,104,25,14,3,39,3,2,3
ee11d830-bc2c-40b2-8356-f9c1fc2b44f5,caillou,8846,Silver 3,B,Astra,196,136.1,52,12,19,4,26,1,3,0
ee11d830-bc2c-40b2-8356-f9c1fc2b44f5,pixl16,NA1,Silver 2,B,Reyna,178,110.2,39,12,21,9,13,0,3,0
ee11d830-bc2c-40b2-8356-f9c1fc2b44f5,pearson,8203,Gold 2,B,Cypher,176,117.3,48,12,17,4,12,0,4,2
ee11d830-bc2c-40b2-8356-f9c1fc2b44f5,glootor,4295,Gold 2,B,Chamber,168,113.9,50,11,17,2,21,1,4,0
a809175c-23a9-4e76-a0a5-8b9209628ad6,saccharomycetes,fungi,Platinum 1,A,Jett,324,218.1,114,24,13,2,22,4,2,5
a809175c-23a9-4e76-a0a5-8b9209628ad6,nemeziz637,7971,Gold 1,A,Chamber,321,206.2,100,24,12,4,20,4,1,1
a809175c-23a9-4e76-a0a5-8b9209628ad6,findingzimo,NA1,Gold 3,A,Raze,196,129.8,48,13,16,5,20,2,2,0
a809175c-23a9-4e76-a0a5-8b9209628ad6,deacon han,cutie,Platinum 1,A,Sage,180,138.1,57,12,14,8,24,1,2,1
a809175c-23a9-4e76-a0a5-8b9209628ad6,amypham2,5006,Gold 3,A,Viper,168,113.0,40,11,15,5,24,1,1,0
a809175c-23a9-4e76-a0a5-8b9209628ad6,optimus pride,zzz,Platinum 1,B,Jett,321,198.3,67,23,17,1,48,1,1,3
a809175c-23a9-4e76-a0a5-8b9209628ad6,i luv lean,LEEN,Gold 3,B,Viper,219,137.8,51,16,17,4,20,0,0,0
a809175c-23a9-4e76-a0a5-8b9209628ad6,sapate,HACKR,Platinum 2,B,Reyna,184,125.5,49,12,17,3,16,4,6,1
a809175c-23a9-4e76-a0a5-8b9209628ad6,mystic,1746,Platinum 1,B,Raze,149,100.2,38,10,17,2,8,2,5,1
a809175c-23a9-4e76-a0a5-8b9209628ad6,김치찌개,0202,Platinum 1,B,Skye,120,89.3,36,8,16,11,13,1,0,0
359ef4ff-fe2e-4846-b326-439c12f37045,jeremfzb116,NA1,Silver 2,A,Sova,347,196.2,92,22,8,7,17,3,0,4
359ef4ff-fe2e-4846-b326-439c12f37045,istryxium,333,Gold 2,A,Sage,304,182.4,103,19,6,14,14,0,0,2
359ef4ff-fe2e-4846-b326-439c12f37045,itssalads,6222,Silver 2,A,Reyna,287,184.0,71,17,12,7,27,6,3,0
359ef4ff-fe2e-4846-b326-439c12f37045,thejello,1964,Silver 2,A,Killjoy,196,153.0,76,10,10,8,8,0,3,1
359ef4ff-fe2e-4846-b326-439c12f37045,combomeal,42095,Silver 1,A,Brimstone,124,80.3,28,8,9,7,13,0,2,0
359ef4ff-fe2e-4846-b326-439c12f37045,icoboob,NA1,Silver 3,B,Killjoy,238,142.8,56,14,15,2,19,1,0,0
359ef4ff-fe2e-4846-b326-439c12f37045,iniquitous,NA1,Silver 3,B,Jett,166,123.4,53,8,16,3,20,1,0,0
359ef4ff-fe2e-4846-b326-439c12f37045,smurf,1131,Silver 3,B,Reyna,159,117.2,41,8,16,5,11,2,6,1
359ef4ff-fe2e-4846-b326-439c12f37045,krazydotk,8491,Bronze 3,B,Sage,142,94.4,57,7,15,5,4,1,0,0
359ef4ff-fe2e-4846-b326-439c12f37045,ily333,5004,Gold 2,B,Viper,141,86.0,39,8,14,0,16,3,3,0
26bed6cc-0ae7-4475-a973-1b65e5ebde33,stryker2thepeter,NA1,Gold 2,A,Raze,368,222.7,87,27,11,4,21,3,2,3
26bed6cc-0ae7-4475-a973-1b65e5ebde33,misterflappy,NA1,Gold 3,A,Reyna,247,156.8,76,19,11,3,22,5,2,2
26bed6cc-0ae7-4475-a973-1b65e5ebde33,wenslo,NA1,Gold 1,A,Astra,175,110.5,49,12,12,4,21,2,1,0
26bed6cc-0ae7-4475-a973-1b65e5ebde33,catbread,clown,Silver 3,A,Yoru,170,115.7,60,12,12,3,26,1,2,0
26bed6cc-0ae7-4475-a973-1b65e5ebde33,bluetar,FBK,Silver 1,A,Sova,110,75.0,37,8,10,6,11,1,1,0
26bed6cc-0ae7-4475-a973-1b65e5ebde33,ryukyou,NA1,Silver 3,B,Astra,268,163.3,59,19,14,3,26,2,1,2
26bed6cc-0ae7-4475-a973-1b65e5ebde33,hotarutomoe,SATRN,Silver 2,B,Reyna,231,140.1,56,15,16,1,15,4,3,1
26bed6cc-0ae7-4475-a973-1b65e5ebde33,tusketo,TUSK,Silver 2,B,Raze,204,149.9,59,11,16,2,7,2,5,1
26bed6cc-0ae7-4475-a973-1b65e5ebde33,madilovesmar,0725,Silver 1,B,Sage,91,66.1,30,5,17,4,15,0,1,0
26bed6cc-0ae7-4475-a973-1b65e5ebde33,bunny,3948,Unrated,B,Chamber,91,62.7,29,6,15,1,25,0,2,1
3e3aff68-31ae-4dc1-a5ab-a3b002394753,therealchopin,Piano,Silver 3,A,Reyna,258,167.8,61,20,19,6,21,3,2,2
3e3aff68-31ae-4dc1-a5ab-a3b002394753,1997,smurf,Gold 1,A,Jett,258,158.8,66,21,19,2,38,4,3,1
3e3aff68-31ae-4dc1-a5ab-a3b002394753,blappod,6465,Gold 2,A,Cypher,241,178.6,89,21,11,5,32,1,0,4
3e3aff68-31ae-4dc1-a5ab-a3b002394753,swag17,1234,Gold 2,A,Omen,227,151.4,59,19,16,6,32,2,4,2
3e3aff68-31ae-4dc1-a5ab-a3b002394753,miss yina,0715,Gold 1,A,Sova,170,120.5,49,13,14,11,32,1,3,0
3e3aff68-31ae-4dc1-a5ab-a3b002394753,deadwiff,1337,Silver 3,B,Jett,289,208.5,85,22,20,4,30,4,3,1
3e3aff68-31ae-4dc1-a5ab-a3b002394753,wallpaper engine,BUY,Silver 3,B,Reyna,252,168.7,64,19,19,5,16,3,2,1
3e3aff68-31ae-4dc1-a5ab-a3b002394753,doofed,0000,Gold 3,B,Chamber,252,152.0,57,20,19,4,20,4,3,2
3e3aff68-31ae-4dc1-a5ab-a3b002394753,iwhiffツ,OnTop,Gold 2,B,Skye,152,106.8,49,13,17,5,20,1,2,0
3e3aff68-31ae-4dc1-a5ab-a3b002394753,bellaroni,NA1,Silver 3,B,Sage,71,47.1,20,5,19,6,2,0,1,0
a85c7311-b6ff-445a-8724-861394df9644,mini,jay,Immortal 2,A,Reyna,259,171.6,78,20,13,2,20,5,5,3
a85c7311-b6ff-445a-8724-861394df9644,ｎｏｏｂ,Bayat,Immortal 1,A,Sage,251,172.6,69,18,13,9,26,3,2,1
a85c7311-b6ff-445a-8724-861394df9644,prodigy,zzzz,Immortal 3,A,Sova,251,158.9,55,18,13,7,27,2,3,2
a85c7311-b6ff-445a-8724-861394df9644,demz,6540,Immortal 1,A,Raze,208,141.2,52,16,13,2,8,0,0,2
a85c7311-b6ff-445a-8724-861394df9644,1beg,Hasty,Immortal 3,A,Brimstone,191,132.6,48,15,14,9,21,0,1,0
a85c7311-b6ff-445a-8724-861394df9644,jamin,YUP,Immortal 2,B,Jett,225,132.2,61,16,17,4,21,4,4,2
a85c7311-b6ff-445a-8724-861394df9644,cyph,ggttv,Immortal 1,B,Raze,201,120.2,48,15,19,0,26,2,1,2
a85c7311-b6ff-445a-8724-861394df9644,jmu noaisaraf,NA2,Immortal 1,B,Sova,197,138.0,48,13,16,8,19,1,1,0
a85c7311-b6ff-445a-8724-861394df9644,jmu ddirocco,DBest,Immortal 1,B,Skye,175,120.7,51,11,16,12,28,2,3,0
a85c7311-b6ff-445a-8724-861394df9644,blazehh,2323,Immortal 3,B,Omen,163,110.9,42,11,19,2,12,2,1,1
18345291-7107-4122-9e2f-c6a206b33d51,rolled,6552,Silver 3,A,Jett,373,247.4,83,35,21,6,23,5,1,1
18345291-7107-4122-9e2f-c6a206b33d51,joseph,lmaoo,Silver 2,A,Chamber,185,127.7,47,17,21,6,30,2,4,1
18345291-7107-4122-9e2f-c6a206b33d51,ver,3777,Silver 2,A,Sage,175,120.1,37,16,20,14,18,1,3,1
18345291-7107-4122-9e2f-c6a206b33d51,itztraphume,3153,Silver 2,A,Omen,168,118.0,43,18,16,4,31,0,2,1
18345291-7107-4122-9e2f-c6a206b33d51,skadankle,8238,Unrated,A,Neon,149,103.2,40,14,19,2,25,2,8,0
18345291-7107-4122-9e2f-c6a206b33d51,attic,6969,Silver 2,B,Chamber,271,180.7,51,25,21,6,18,7,4,1
18345291-7107-4122-9e2f-c6a206b33d51,yomomajomoma,1729,Silver 1,B,Omen,206,146.4,63,20,23,5,35,6,3,1
18345291-7107-4122-9e2f-c6a206b33d51,kkkforlife,6969,Bronze 3,B,Reyna,189,143.2,52,19,21,4,31,2,2,1
18345291-7107-4122-9e2f-c6a206b33d51,brevinwinner,7912,Silver 2,B,Skye,178,124.8,46,15,17,7,12,1,0,2
18345291-7107-4122-9e2f-c6a206b33d51,unitedempire,NA1,Silver 2,B,KAY/O,173,116.6,45,18,18,6,25,2,1,0
8f146bbe-2d08-4bae-b844-c31ec9557b5f,flan,1521,Platinum 1,A,Chamber,290,188.0,72,24,14,2,35,3,2,3
8f146bbe-2d08-4bae-b844-c31ec9557b5f,butterybiscuits,4568,Platinum 3,A,Sova,287,212.7,90,25,15,5,50,3,0,3
8f146bbe-2d08-4bae-b844-c31ec9557b5f,miami diallo,oof,Diamond 1,A,Yoru,252,158.4,70,23,12,4,25,1,2,2
8f146bbe-2d08-4bae-b844-c31ec9557b5f,don glizzy,WEENY,Platinum 2,A,Omen,249,150.2,62,19,16,11,18,2,2,0
8f146bbe-2d08-4bae-b844-c31ec9557b5f,patorium,5255,Platinum 1,A,KAY/O,232,150.9,63,16,18,12,31,3,5,2
8f146bbe-2d08-4bae-b844-c31ec9557b5f,eiadam,7623,Platinum 2,B,Jett,364,221.3,82,29,23,2,24,3,4,3
8f146bbe-2d08-4bae-b844-c31ec9557b5f,pns pneumonia,Lungs,Platinum 1,B,Viper,175,122.0,49,12,22,7,11,1,1,0
8f146bbe-2d08-4bae-b844-c31ec9557b5f,nutella,5705,Platinum 3,B,Sage,173,97.7,36,14,20,10,8,1,1,2
8f146bbe-2d08-4bae-b844-c31ec9557b5f,megtheestallion,999,Platinum 3,B,Chamber,168,107.0,42,13,22,4,10,4,1,1
8f146bbe-2d08-4bae-b844-c31ec9557b5f,bibimbop,6969,Platinum 1,B,Yoru,120,79.1,33,7,20,7,23,2,5,0
ea69cfe1-83a7-47eb-82c2-8e847e6ed179,tektekb2,NA1,Platinum 1,A,Jett,354,208.4,78,25,14,6,27,8,2,5
ea69cfe1-83a7-47eb-82c2-8e847e6ed179,aaizaku,6322,Platinum 1,A,Viper,228,143.9,70,16,14,6,5,4,2,1
ea69cfe1-83a7-47eb-82c2-8e847e6ed179,thomas,htspt,Platinum 1,A,Raze,211,207.2,75,15,14,6,13,2,1,2
ea69cfe1-83a7-47eb-82c2-8e847e6ed179,crowzzz,8034,Platinum 2,A,Sage,165,113.6,45,13,13,7,42,1,1,1
ea69cfe1-83a7-47eb-82c2-8e847e6ed179,mason,zzz,Gold 3,A,Sova,154,102.6,40,10,16,10,23,0,0,0
ea69cfe1-83a7-47eb-82c2-8e847e6ed179,cisxodisco,isuck,Gold 2,B,Reyna,266,174.3,77,22,14,2,38,0,5,3
ea69cfe1-83a7-47eb-82c2-8e847e6ed179,stryker2thepeter,NA1,Gold 2,B,Phoenix,223,158.4,75,15,15,4,26,2,2,1
ea69cfe1-83a7-47eb-82c2-8e847e6ed179,waterbottle,PCE,Platinum 1,B,Sova,178,130.7,61,11,15,5,15,1,2,1
ea69cfe1-83a7-47eb-82c2-8e847e6ed179,misterflappy,NA1,Gold 3,B,Omen,173,115.0,58,12,15,5,25,1,2,0
ea69cfe1-83a7-47eb-82c2-8e847e6ed179,neoir,dad,Gold 3,B,Jett,159,118.2,45,11,20,2,26,2,4,0
f1acfdf5-4de6-44a9-a177-fe6cfa3b89f2,dexvxv,8749,Platinum 3,A,Jett,283,167.9,73,20,13,4,30,7,4,2
f1acfdf5-4de6-44a9-a177-fe6cfa3b89f2,jacksonaliu,BTTR,Diamond 2,A,Omen,274,175.8,67,23,13,8,18,0,1,4
f1acfdf5-4de6-44a9-a177-fe6cfa3b89f2,pushin p 078,4747,Unrated,A,Chamber,244,153.2,69,19,15,6,22,3,1,1
f1acfdf5-4de6-44a9-a177-fe6cfa3b89f2,cpn,1111,Platinum 3,A,Neon,198,143.6,42,14,18,7,17,1,1,0
f1acfdf5-4de6-44a9-a177-fe6cfa3b89f2,sohleil,nabi,Platinum 2,A,Sage,171,119.3,53,14,13,3,33,3,0,2
f1acfdf5-4de6-44a9-a177-fe6cfa3b89f2,ryaaaguy,NA1,Platinum 3,B,Neon,241,165.0,63,14,20,7,11,4,6,1
f1acfdf5-4de6-44a9-a177-fe6cfa3b89f2,k2ninja,urmom,Platinum 3,B,Reyna,223,144.9,53,16,17,1,30,1,7,2
f1acfdf5-4de6-44a9-a177-fe6cfa3b89f2,aloe,avap,Platinum 2,B,Skye,204,131.6,51,15,18,4,24,1,0,0
f1acfdf5-4de6-44a9-a177-fe6cfa3b89f2,nibori,6969,Platinum 2,B,Chamber,174,128.0,59,14,17,2,13,0,0,2
f1acfdf5-4de6-44a9-a177-fe6cfa3b89f2,crumbz,mbxx,Platinum 3,B,Astra,174,128.0,51,13,18,4,18,1,1,0
04c95fc5-3ac4-4d63-a76f-3c703021c850,burnell,6969,Gold 1,A,Reyna,327,220.5,81,28,18,8,33,4,4,3
04c95fc5-3ac4-4d63-a76f-3c703021c850,jackz0000,2681,Silver 3,A,Sova,268,178.4,67,24,18,5,30,1,3,3
04c95fc5-3ac4-4d63-a76f-3c703021c850,shura,kiri,Gold 3,A,Jett,222,154.7,69,22,13,1,23,2,2,1
04c95fc5-3ac4-4d63-a76f-3c703021c850,legendofkennyg,NA1,Silver 3,A,Omen,156,108.3,47,15,18,6,27,1,6,0
04c95fc5-3ac4-4d63-a76f-3c703021c850,gudetama,002,Gold 2,A,Sage,140,94.9,44,10,16,15,14,2,1,0
04c95fc5-3ac4-4d63-a76f-3c703021c850,i am not gud,4521,Gold 3,B,Jett,236,155.5,61,21,21,4,23,6,2,2
04c95fc5-3ac4-4d63-a76f-3c703021c850,mrstinkyfeet69,8911,Silver 3,B,Skye,190,122.0,41,15,20,12,18,2,1,1
04c95fc5-3ac4-4d63-a76f-3c703021c850,martymcfly,1866,Gold 3,B,Cypher,178,120.8,46,17,20,6,19,2,2,0
04c95fc5-3ac4-4d63-a76f-3c703021c850,mrscrublet805,9162,Gold 2,B,Sage,167,111.7,42,14,18,5,13,5,3,1
04c95fc5-3ac4-4d63-a76f-3c703021c850,frostyz,1600,Gold 1,B,Reyna,166,102.3,35,16,20,3,10,1,2,1
655021f1-1653-472b-9bd8-06982035a591,xamlg,999,Platinum 3,A,Jett,292,188.0,74,23,12,6,24,4,4,3
655021f1-1653-472b-9bd8-06982035a591,vedushki,NA1,Platinum 2,A,Sova,237,150.3,59,19,17,4,29,0,2,2
655021f1-1653-472b-9bd8-06982035a591,noose12345,NA1,Gold 3,A,Omen,229,162.6,66,18,16,5,29,1,3,1
655021f1-1653-472b-9bd8-06982035a591,lovedimzy,8215,Platinum 1,A,Skye,179,120.0,46,14,19,6,24,1,2,1
655021f1-1653-472b-9bd8-06982035a591,adriano,0000,Platinum 2,A,Reyna,177,124.0,49,12,19,6,18,2,4,0
655021f1-1653-472b-9bd8-06982035a591,noc,kappa,Gold 3,B,Jett,264,166.5,58,19,21,7,12,7,5,1
655021f1-1653-472b-9bd8-06982035a591,dhruv r kpopstan,BTS,Gold 3,B,Reyna,254,172.1,68,19,16,5,21,3,1,1
655021f1-1653-472b-9bd8-06982035a591,spicy deluxe,002,Platinum 3,B,Chamber,206,176.7,73,17,15,2,5,3,0,1
655021f1-1653-472b-9bd8-06982035a591,thechiefz,NA1,Platinum 1,B,Sage,180,112.3,41,13,17,8,19,2,1,0
655021f1-1653-472b-9bd8-06982035a591,forgether,6690,Unrated,B,Skye,161,114.8,40,15,17,2,22,0,1,1
f340deab-034f-4e6f-9a13-dbe0791e60d7,tylero,NA1,Silver 2,A,Killjoy,473,292.4,94,31,13,2,14,7,0,3
f340deab-034f-4e6f-9a13-dbe0791e60d7,monstakilla,6099,Silver 2,A,Chamber,246,171.0,87,17,10,5,14,2,4,0
f340deab-034f-4e6f-9a13-dbe0791e60d7,winterwolf1982,5221,Silver 2,A,Phoenix,216,151.6,70,15,12,6,20,0,2,1
f340deab-034f-4e6f-9a13-dbe0791e60d7,jimbofourlife,8387,Silver 2,A,Reyna,163,105.2,47,10,13,5,3,1,1,0
f340deab-034f-4e6f-9a13-dbe0791e60d7,razzie,NA1,Silver 3,A,KAY/O,110,72.0,36,6,11,8,14,1,1,0
f340deab-034f-4e6f-9a13-dbe0791e60d7,deadwiff,1337,Silver 2,B,Reyna,325,211.6,74,18,16,6,28,6,6,5
f340deab-034f-4e6f-9a13-dbe0791e60d7,zorro,isgay,Silver 2,B,Sova,246,177.4,80,16,13,6,24,0,0,0
f340deab-034f-4e6f-9a13-dbe0791e60d7,dawnstar,9146,Silver 2,B,Sage,199,134.7,49,13,17,7,16,2,2,0
f340deab-034f-4e6f-9a13-dbe0791e60d7,uncleoscar,0666,Unrated,B,Cypher,125,75.9,33,8,14,1,12,0,2,0
f340deab-034f-4e6f-9a13-dbe0791e60d7,kagami,8888,Bronze 3,B,Viper,75,46.9,16,4,19,3,11,0,1,0
8db293b3-80ae-4252-9712-70d3820225e5,fpi toked,N3N3N,Platinum 1,A,Jett,345,210.2,63,20,8,5,19,4,1,3
8db293b3-80ae-4252-9712-70d3820225e5,gbi ftx rohkudus,NRKM,Platinum 2,A,Brimstone,282,175.1,93,15,5,11,14,2,2,2
8db293b3-80ae-4252-9712-70d3820225e5,beep,0821,Platinum 3,A,Skye,257,185.1,95,15,9,1,24,0,2,1
8db293b3-80ae-4252-9712-70d3820225e5,leecchie,CHONK,Platinum 1,A,Chamber,210,137.8,100,13,5,4,7,1,2,0
8db293b3-80ae-4252-9712-70d3820225e5,lvl 1 crook,MFLif,Platinum 2,A,Breach,199,121.2,92,12,6,3,15,2,0,1
8db293b3-80ae-4252-9712-70d3820225e5,locusspartan,NA1,Diamond 1,B,Phoenix,187,125.5,54,9,16,2,29,5,4,1
8db293b3-80ae-4252-9712-70d3820225e5,yoip,113,Platinum 3,B,Chamber,167,105.1,45,9,15,0,39,1,1,0
8db293b3-80ae-4252-9712-70d3820225e5,ドニャツー,ドニャツー,Gold 3,B,Viper,123,77.9,31,6,14,3,14,0,0,0
8db293b3-80ae-4252-9712-70d3820225e5,findingzimo,NA1,Gold 2,B,Sage,102,69.2,27,5,15,2,7,1,1,0
8db293b3-80ae-4252-9712-70d3820225e5,ist4u,NA1,Diamond 2,B,Breach,84,61.8,24,4,15,1,18,0,3,0
291b5e5b-315a-48e4-b7b2-74b029d02c19,crexify,NA1,Platinum 2,A,Omen,286,175.3,72,26,13,2,28,2,0,3
291b5e5b-315a-48e4-b7b2-74b029d02c19,erity,9368,Platinum 2,A,Reyna,280,201.1,92,23,15,5,39,4,2,1
291b5e5b-315a-48e4-b7b2-74b029d02c19,monkey man,4323,Platinum 3,A,Jett,240,166.3,79,18,16,5,32,5,3,3
291b5e5b-315a-48e4-b7b2-74b029d02c19,yae,32123,Platinum 1,A,Chamber,167,113.9,67,13,12,5,16,3,2,0
291b5e5b-315a-48e4-b7b2-74b029d02c19,koeb,42069,Platinum 1,A,Killjoy,165,128.2,50,11,12,9,13,0,1,0
291b5e5b-315a-48e4-b7b2-74b029d02c19,sllab amogus,42069,Platinum 1,B,KAY/O,267,179.5,66,20,18,5,18,4,2,1
291b5e5b-315a-48e4-b7b2-74b029d02c19,majesticat,momo,Platinum 1,B,Sova,192,106.8,46,14,17,6,15,1,2,1
291b5e5b-315a-48e4-b7b2-74b029d02c19,wenslo,NA1,Gold 2,B,Brimstone,178,107.4,38,14,18,10,25,0,2,1
291b5e5b-315a-48e4-b7b2-74b029d02c19,hweet,tkim,Gold 2,B,Killjoy,149,117.8,44,10,19,6,16,1,3,1
291b5e5b-315a-48e4-b7b2-74b029d02c19,stryker2thepeter,NA1,Platinum 2,B,Raze,141,96.1,34,10,19,4,17,2,5,0
104932e2-6c85-4b10-82ce-c328e094d124,trippy,1112,Immortal 1,A,Jett,258,159.5,56,20,21,4,30,4,8,3
104932e2-6c85-4b10-82ce-c328e094d124,jmu ddirocco,DBest,Immortal 1,A,Reyna,251,198.6,74,20,16,4,34,2,0,0
104932e2-6c85-4b10-82ce-c328e094d124,yawnthin,2059,Diamond 3,A,Sage,241,160.3,80,20,12,8,20,2,2,3
104932e2-6c85-4b10-82ce-c328e094d124,eric,NA2,Diamond 2,A,Astra,197,148.3,61,13,15,11,11,0,1,0
104932e2-6c85-4b10-82ce-c328e094d124,moisty,1234,Diamond 2,A,Skye,167,108.3,40,13,16,5,45,1,2,0
104932e2-6c85-4b10-82ce-c328e094d124,i drink acid,69420,Immortal 1,B,Reyna,323,202.7,81,24,17,4,24,4,2,3
104932e2-6c85-4b10-82ce-c328e094d124,crusty guido,NAE,Diamond 3,B,Chamber,266,172.6,66,22,16,0,37,4,3,3
104932e2-6c85-4b10-82ce-c328e094d124,glooms,WCYLM,Diamond 2,B,Astra,173,114.1,49,14,17,8,22,1,2,1
104932e2-6c85-4b10-82ce-c328e094d124,whistle,RADT,Diamond 2,B,Jett,145,92.4,47,11,17,0,7,2,1,0
104932e2-6c85-4b10-82ce-c328e094d124,coominmamouf,wtf,Diamond 3,B,Sage,129,86.3,32,9,19,5,24,2,1,0
c1644458-c2c7-42cd-9c75-caa4e943bb49,jmu ddirocco,DBest,Immortal 1,A,Jett,318,193.9,84,30,18,6,10,8,2,4
c1644458-c2c7-42cd-9c75-caa4e943bb49,sparkz,sick,Immortal 1,A,Raze,267,187.4,61,27,22,7,21,3,4,3
c1644458-c2c7-42cd-9c75-caa4e943bb49,dude11,bol,Immortal 1,A,Reyna,211,141.2,52,20,19,8,19,1,2,0
c1644458-c2c7-42cd-9c75-caa4e943bb49,hoodaye,9999,Diamond 2,A,Omen,141,89.4,36,14,20,9,18,2,4,1
c1644458-c2c7-42cd-9c75-caa4e943bb49,mem,BTS,Immortal 1,A,Sage,139,105.2,36,11,23,9,22,0,2,0
c1644458-c2c7-42cd-9c75-caa4e943bb49,darkthule,8637,Immortal 1,B,Brimstone,288,178.9,59,32,17,9,13,1,1,3
c1644458-c2c7-42cd-9c75-caa4e943bb49,kamz,1234,Immortal 1,B,Reyna,238,151.8,48,23,22,3,23,4,5,3
c1644458-c2c7-42cd-9c75-caa4e943bb49,siren,Licks,Immortal 1,B,Jett,197,118.1,43,19,20,5,15,5,5,1
c1644458-c2c7-42cd-9c75-caa4e943bb49,minkfur,0000,Immortal 3,B,Skye,164,107.6,34,14,23,5,22,3,2,0
c1644458-c2c7-42cd-9c75-caa4e943bb49,rezy,123,Immortal 2,B,Killjoy,152,97.8,34,14,20,5,4,1,1,0
2617844b-2f60-4860-8f7c-fc49dcf38d05,noiggets girl,LOVE,Silver 3,A,Jett,299,178.1,60,24,18,5,19,3,4,3
2617844b-2f60-4860-8f7c-fc49dcf38d05,man tequila,munch,Gold 1,A,Neon,241,158.3,65,18,17,5,15,2,5,1
2617844b-2f60-4860-8f7c-fc49dcf38d05,ltkplays,9240,Silver 3,A,Chamber,202,144.5,77,17,14,3,32,1,0,3
2617844b-2f60-4860-8f7c-fc49dcf38d05,ligma,5769,Gold 1,A,Brimstone,182,113.9,45,13,13,11,28,4,2,0
2617844b-2f60-4860-8f7c-fc49dcf38d05,juice,2115,Gold 1,A,Sage,133,95.3,43,9,14,4,28,1,1,0
2617844b-2f60-4860-8f7c-fc49dcf38d05,chunkyfatjungcok,1974,Unrated,B,Killjoy,251,160.1,59,21,17,2,20,5,2,0
2617844b-2f60-4860-8f7c-fc49dcf38d05,zheng,5450,Gold 2,B,Chamber,241,171.5,91,18,15,6,8,3,3,0
2617844b-2f60-4860-8f7c-fc49dcf38d05,flippapino,0904,Silver 3,B,Omen,182,124.2,40,16,19,3,15,0,1,0
2617844b-2f60-4860-8f7c-fc49dcf38d05,tuxedmask,905,Gold 1,B,Sage,155,113.3,49,10,13,8,14,3,2,0
2617844b-2f60-4860-8f7c-fc49dcf38d05,osmanthus,one,Gold 2,B,Jett,142,92.1,40,11,17,5,10,1,3,0
caeee104-c219-422c-abef-b59e49c59513,crack,7168,Gold 1,A,Reyna,428,265.7,141,26,8,4,30,5,1,5
caeee104-c219-422c-abef-b59e49c59513,vert,Milly,Silver 3,A,Jett,265,182.1,54,15,9,6,30,0,0,0
caeee104-c219-422c-abef-b59e49c59513,arkering,3512,Silver 3,A,Sage,223,137.6,75,14,5,5,16,1,1,2
caeee104-c219-422c-abef-b59e49c59513,deadwiff,1337,Unrated,A,Chamber,218,135.8,58,12,10,4,35,4,2,1
caeee104-c219-422c-abef-b59e49c59513,onehp,6969,Silver 3,A,Omen,118,72.4,39,6,6,7,12,1,1,1
caeee104-c219-422c-abef-b59e49c59513,holuw,9269,Gold 1,B,Omen,196,123.1,50,10,14,2,28,2,4,1
caeee104-c219-422c-abef-b59e49c59513,holuw,1632,Silver 2,B,Skye,161,105.5,43,8,14,3,23,1,2,0
caeee104-c219-422c-abef-b59e49c59513,altoria,sugar,Silver 3,B,Raze,151,89.9,37,7,14,1,15,2,0,0
caeee104-c219-422c-abef-b59e49c59513,trusty,12345,Gold 1,B,Sage,144,101.8,45,7,15,1,63,0,2,1
caeee104-c219-422c-abef-b59e49c59513,hadibell,7227,Silver 2,B,Reyna,124,81.0,34,6,16,1,11,0,3,0
4858cea7-6490-42bd-9876-798a52a7ca81,big bad wang,WANG,Immortal 1,A,Sova,296,195.1,71,22,13,7,23,2,2,2
4858cea7-6490-42bd-9876-798a52a7ca81,kammers,000,Diamond 3,A,Jett,248,153.0,57,18,12,3,32,3,3,1
4858cea7-6490-42bd-9876-798a52a7ca81,gilguppy9,2474,Platinum 3,A,Reyna,248,157.0,63,19,10,2,42,0,3,3
4858cea7-6490-42bd-9876-798a52a7ca81,naxdyn,NA1,Diamond 1,A,Killjoy,231,147.5,50,14,13,6,20,3,1,2
4858cea7-6490-42bd-9876-798a52a7ca81,vyro,999,Diamond 1,A,Viper,93,67.3,31,6,11,8,21,1,1,0
4858cea7-6490-42bd-9876-798a52a7ca81,kjtakesnotalent,kjbad,Diamond 1,B,Jett,311,190.1,97,21,13,0,26,6,0,3
4858cea7-6490-42bd-9876-798a52a7ca81,noaisa4,3998,Diamond 2,B,Sova,253,170.4,67,16,16,4,17,2,0,1
4858cea7-6490-42bd-9876-798a52a7ca81,jmu tundra,Viper,Diamond 2,B,Viper,189,132.6,55,11,16,4,22,0,2,0
4858cea7-6490-42bd-9876-798a52a7ca81,dhruv r kpopstan,BTS,Platinum 2,B,Skye,113,80.0,29,7,17,3,50,0,1,0
4858cea7-6490-42bd-9876-798a52a7ca81,flare,4369,Diamond 2,B,Chamber,86,66.3,28,4,17,4,8,2,6,0
7eff98d6-a226-4c32-822e-6c8410587f15,talentツ,0000,Immortal 3,A,Jett,321,205.1,73,26,19,6,24,9,5,3
7eff98d6-a226-4c32-822e-6c8410587f15,jmu ddirocco,DBest,Immortal 1,A,Reyna,281,187.9,77,23,18,5,21,1,4,2
7eff98d6-a226-4c32-822e-6c8410587f15,risorah,666,Diamond 3,A,Cypher,182,131.5,53,16,15,7,33,0,1,1
7eff98d6-a226-4c32-822e-6c8410587f15,frags c1u,Swing,Immortal 1,A,Astra,156,105.0,45,15,14,5,22,0,2,1
7eff98d6-a226-4c32-822e-6c8410587f15,gatie,Hades,Immortal 2,A,Sova,151,97.9,39,12,15,8,29,1,1,0
7eff98d6-a226-4c32-822e-6c8410587f15,aimr,Amir,Immortal 2,B,Reyna,217,130.2,45,20,19,4,31,2,2,2
7eff98d6-a226-4c32-822e-6c8410587f15,biblical,666,Immortal 1,B,Sova,201,151.9,57,14,16,6,24,4,2,0
7eff98d6-a226-4c32-822e-6c8410587f15,fuzay,flow,Immortal 3,B,Jett,196,134.8,56,15,20,4,25,3,2,1
7eff98d6-a226-4c32-822e-6c8410587f15,nakcle,5531,Immortal 2,B,Astra,190,131.1,41,16,23,2,30,2,3,1
7eff98d6-a226-4c32-822e-6c8410587f15,10fps,josh,Immortal 3,B,Chamber,163,121.6,55,16,14,1,38,2,2,0
2eb2d73d-b118-40ca-a3a7-9af7d7f37030,wydmason,2551,Diamond 3,A,Reyna,271,175.2,70,24,14,4,27,3,0,4
2eb2d73d-b118-40ca-a3a7-9af7d7f37030,whiff biggins,4602,Diamond 3,A,Astra,243,163.4,66,17,12,14,23,4,1,1
2eb2d73d-b118-40ca-a3a7-9af7d7f37030,whatupgangsta,123,Diamond 2,A,Jett,227,155.5,68,17,13,5,16,3,3,1
2eb2d73d-b118-40ca-a3a7-9af7d7f37030,kyleburrito,taco,Diamond 3,A,Viper,214,127.1,50,16,11,8,18,2,2,2
2eb2d73d-b118-40ca-a3a7-9af7d7f37030,attackerby,1304,Immortal 1,A,Chamber,183,128.9,48,14,17,6,19,1,3,2
2eb2d73d-b118-40ca-a3a7-9af7d7f37030,arctite,4881,Diamond 1,B,Reyna,266,179.0,64,20,18,3,24,3,4,1
2eb2d73d-b118-40ca-a3a7-9af7d7f37030,liuser23,NA1,Diamond 3,B,Chamber,223,144.2,64,18,16,2,19,0,3,3
2eb2d73d-b118-40ca-a3a7-9af7d7f37030,nut,420,Immortal 1,B,Breach,204,133.4,51,15,19,3,34,4,1,1
2eb2d73d-b118-40ca-a3a7-9af7d7f37030,sheluvdemonhours,wap,Diamond 1,B,Jett,128,85.5,39,8,18,3,7,2,3,0
2eb2d73d-b118-40ca-a3a7-9af7d7f37030,can sir patient,Pink,Diamond 3,B,Brimstone,104,83.2,33,6,17,6,10,0,2,0
4a211300-0de7-415c-8881-1b7de22f632a,chamber,meme,Platinum 1,A,Chamber,356,237.7,107,33,12,2,36,4,1,5
4a211300-0de7-415c-8881-1b7de22f632a,hakuji,wack,Platinum 1,A,Viper,251,157.6,62,20,16,4,24,4,0,2
4a211300-0de7-415c-8881-1b7de22f632a,dirty cloth,NA1,Unrated,A,Jett,196,135.6,54,15,17,9,15,1,3,1
4a211300-0de7-415c-8881-1b7de22f632a,pluto,ALPHA,Unrated,A,Reyna,191,123.6,46,15,17,4,16,2,4,0
4a211300-0de7-415c-8881-1b7de22f632a,happydappy,daps,Unrated,A,Sage,191,138.3,46,14,20,17,31,3,1,1
4a211300-0de7-415c-8881-1b7de22f632a,cpn,1111,Platinum 1,B,Viper,315,194.1,68,22,20,12,11,2,2,1
4a211300-0de7-415c-8881-1b7de22f632a,jason luvs peen,Luv,Platinum 2,B,Reyna,302,200.3,83,24,19,6,15,1,1,2
4a211300-0de7-415c-8881-1b7de22f632a,mugiwara no rufi,NIKU,Unrated,B,Jett,206,137.3,51,17,21,4,18,3,3,1
4a211300-0de7-415c-8881-1b7de22f632a,gel,2534,Platinum 2,B,Sova,179,119.3,48,12,19,6,4,2,3,1
4a211300-0de7-415c-8881-1b7de22f632a,swagginonurmum,9598,Unrated,B,Sage,85,58.3,22,7,18,9,31,1,5,0
4e3e56cb-2b61-4bd8-a73e-4e1135a8bf1b,flippapino,0904,Unrated,A,Reyna,260,164.7,53,15,17,3,33,3,2,2
4e3e56cb-2b61-4bd8-a73e-4e1135a8bf1b,blitzeon2,3291,Unrated,A,Sage,258,152.9,48,18,13,6,30,6,1,2
4e3e56cb-2b61-4bd8-a73e-4e1135a8bf1b,亡ream,0000,Unrated,A,Omen,244,159.7,66,16,11,5,19,0,1,2
4e3e56cb-2b61-4bd8-a73e-4e1135a8bf1b,tarnished,Roman,Unrated,A,Sova,233,163.7,81,13,8,6,11,2,0,0
4e3e56cb-2b61-4bd8-a73e-4e1135a8bf1b,best bait na,BAKA,Unrated,A,Skye,150,93.2,41,9,13,8,17,2,1,0
4e3e56cb-2b61-4bd8-a73e-4e1135a8bf1b,dilflover,milk,Unrated,B,Viper,349,183.4,84,24,13,0,18,2,1,2
4e3e56cb-2b61-4bd8-a73e-4e1135a8bf1b,vampy,Piss,Unrated,B,Reyna,219,158.5,75,12,13,2,34,2,1,1
4e3e56cb-2b61-4bd8-a73e-4e1135a8bf1b,nickiminajpoo,Stain,Unrated,B,Killjoy,179,115.6,53,10,15,4,20,1,2,0
4e3e56cb-2b61-4bd8-a73e-4e1135a8bf1b,miwa,mwah,Unrated,B,Sage,162,96.6,37,10,15,5,16,0,4,0
4e3e56cb-2b61-4bd8-a73e-4e1135a8bf1b,laokirata,NA1,Unrated,B,Phoenix,115,102.2,44,6,15,3,19,0,5,0
b728be85-0ce2-4507-af59-7e06ce61a329,eamran,NA1,Platinum 2,A,Jett,346,213.7,89,28,17,9,19,3,4,4
b728be85-0ce2-4507-af59-7e06ce61a329,yarna simp,yaga,Diamond 1,A,Skye,272,166.3,119,23,17,7,20,2,2,2
b728be85-0ce2-4507-af59-7e06ce61a329,vex,6015,Platinum 2,A,Raze,236,157.5,58,20,16,3,19,2,5,2
b728be85-0ce2-4507-af59-7e06ce61a329,rqest,6188,Platinum 1,A,Sage,186,130.8,56,16,12,6,24,1,1,0
b728be85-0ce2-4507-af59-7e06ce61a329,yarna,yaga,Diamond 1,A,Brimstone,175,110.5,29,11,18,11,16,2,1,1
b728be85-0ce2-4507-af59-7e06ce61a329,ｄｏｏｆｅｎｓｈｍｉｒｔｚ,1910,Gold 3,B,Cypher,304,184.5,67,25,20,5,34,5,3,4
b728be85-0ce2-4507-af59-7e06ce61a329,elite,0420,Platinum 3,B,Omen,262,152.4,57,20,19,8,15,2,0,4
b728be85-0ce2-4507-af59-7e06ce61a329,i kiss my son,lover,Diamond 1,B,Jett,210,132.2,62,18,19,2,22,2,1,2
b728be85-0ce2-4507-af59-7e06ce61a329,cpn,1111,Diamond 1,B,Skye,139,92.2,31,11,20,8,28,1,1,0
b728be85-0ce2-4507-af59-7e06ce61a329,na5dy,nocap,Platinum 2,B,Breach,117,91.1,35,6,20,10,22,3,5,0
4adcc7e2-d16a-4602-8239-4b47a76c321e,dukesilver,1065,Platinum 2,A,Jett,297,191.0,86,20,10,2,19,4,0,2
4adcc7e2-d16a-4602-8239-4b47a76c321e,scrubcity,30fps,Gold 3,A,Reyna,284,186.6,73,20,12,7,15,2,3,1
4adcc7e2-d16a-4602-8239-4b47a76c321e,legitgunnerr,6856,Gold 2,A,Skye,278,168.5,76,20,12,7,21,1,0,3
4adcc7e2-d16a-4602-8239-4b47a76c321e,dullfish12,9877,Gold 3,A,Sova,203,144.2,57,11,15,9,12,5,4,0
4adcc7e2-d16a-4602-8239-4b47a76c321e,bigmoto,4009,Silver 2,A,Killjoy,103,92.3,40,7,13,5,12,0,0,0
4adcc7e2-d16a-4602-8239-4b47a76c321e,toph,7546,Gold 2,B,Reyna,243,175.0,70,13,16,7,16,1,2,1
4adcc7e2-d16a-4602-8239-4b47a76c321e,tortoz,2616,Gold 3,B,Breach,228,156.0,63,16,14,2,32,2,2,1
4adcc7e2-d16a-4602-8239-4b47a76c321e,justin,mfer,Platinum 1,B,Jett,205,133.3,52,14,17,2,24,4,5,2
4adcc7e2-d16a-4602-8239-4b47a76c321e,lookeazy8,NA1,Silver 3,B,Killjoy,205,150.2,59,10,17,5,12,0,3,1
4adcc7e2-d16a-4602-8239-4b47a76c321e,spacemonky,1234,Gold 3,B,Astra,123,91.0,37,9,14,5,18,0,0,0
c8425c32-fbe1-43b1-ac7c-9c2c623e5296,oregano memester,NA1,Silver 3,A,Reyna,411,273.9,100,30,20,6,28,6,2,3
c8425c32-fbe1-43b1-ac7c-9c2c623e5296,nawko,4048,Silver 3,A,Sage,276,175.7,77,24,13,4,28,2,0,3
c8425c32-fbe1-43b1-ac7c-9c2c623e5296,deadwiff,1337,Gold 1,A,Jett,170,112.8,42,12,20,4,22,4,4,0
c8425c32-fbe1-43b1-ac7c-9c2c623e5296,throosh,NA1,Gold 3,A,Viper,149,93.1,35,14,15,5,10,0,1,2
c8425c32-fbe1-43b1-ac7c-9c2c623e5296,sinanf,NA1,Gold 2,A,Killjoy,125,107.6,43,8,12,6,16,2,1,0
c8425c32-fbe1-43b1-ac7c-9c2c623e5296,juan taps,66666,Gold 1,B,Jett,363,233.8,122,29,15,3,18,3,1,4
c8425c32-fbe1-43b1-ac7c-9c2c623e5296,ohana punch,MBDTF,Gold 1,B,Raze,283,188.5,69,20,18,7,25,1,4,3
c8425c32-fbe1-43b1-ac7c-9c2c623e5296,kendrick lamar,6647,Gold 1,B,Skye,176,123.4,46,12,21,8,20,2,5,1
c8425c32-fbe1-43b1-ac7c-9c2c623e5296,joodthedude,7080,Gold 1,B,Sova,138,84.6,32,10,18,4,11,1,2,0
c8425c32-fbe1-43b1-ac7c-9c2c623e5296,o2srswarlord,TTV,Gold 3,B,Omen,123,87.9,42,9,16,2,11,1,2,0
eb7dadcb-435b-42fc-ad2a-c61a0f2506f0,eon,PTSD,Platinum 1,A,Sova,275,181.4,68,20,13,6,27,4,0,2
eb7dadcb-435b-42fc-ad2a-c61a0f2506f0,chickenturkey01,NA1,Silver 3,A,Reyna,241,175.4,64,18,17,2,18,1,0,2
eb7dadcb-435b-42fc-ad2a-c61a0f2506f0,priestoflizards,STFU,Platinum 1,A,Jett,218,153.1,60,17,15,0,48,6,4,0
eb7dadcb-435b-42fc-ad2a-c61a0f2506f0,mr pizza101,NA1,Silver 1,A,Killjoy,144,104.9,41,11,15,6,5,1,0,1
eb7dadcb-435b-42fc-ad2a-c61a0f2506f0,shard,beam,Gold 1,A,Astra,141,87.0,34,11,15,11,25,2,3,0
eb7dadcb-435b-42fc-ad2a-c61a0f2506f0,boostedanime2,NA1,Gold 1,B,Jett,402,231.4,86,31,17,3,35,4,6,6
eb7dadcb-435b-42fc-ad2a-c61a0f2506f0,anasiantrap,Traps,Silver 1,B,Killjoy,191,129.4,53,12,15,5,10,0,2,0
eb7dadcb-435b-42fc-ad2a-c61a0f2506f0,blitzeon2,3291,Gold 1,B,Sova,171,128.0,52,12,13,9,33,0,0,1
eb7dadcb-435b-42fc-ad2a-c61a0f2506f0,flippapino,0904,Gold 2,B,Reyna,155,103.5,50,11,16,6,44,3,2,0
eb7dadcb-435b-42fc-ad2a-c61a0f2506f0,best bait na,BAKA,Silver 2,B,Omen,137,88.9,39,9,16,4,22,0,4,2
a282edb4-e051-4d04-a97f-a1fcb5d08f4c,greg,6610,Silver 2,A,Neon,277,169.3,66,21,18,1,10,4,1,1
a282edb4-e051-4d04-a97f-a1fcb5d08f4c,recruitbot1547,5892,Silver 1,A,Jett,252,159.2,58,20,16,4,2,2,1,1
a282edb4-e051-4d04-a97f-a1fcb5d08f4c,infowarsdotcom,2021,Silver 3,A,Sage,251,160.9,76,19,14,10,9,5,2,2
a282edb4-e051-4d04-a97f-a1fcb5d08f4c,pocket,6185,Silver 2,A,Cypher,204,132.6,58,16,15,4,16,2,2,1
a282edb4-e051-4d04-a97f-a1fcb5d08f4c,unitedempire,NA1,Silver 1,A,Astra,192,115.2,55,15,13,3,10,2,1,1
a282edb4-e051-4d04-a97f-a1fcb5d08f4c,kobeni,1432,Unrated,B,Raze,362,219.2,81,29,15,4,14,0,1,4
a282edb4-e051-4d04-a97f-a1fcb5d08f4c,gurjas,1882,Silver 1,B,Reyna,260,159.4,58,18,21,6,9,7,5,1
a282edb4-e051-4d04-a97f-a1fcb5d08f4c,xanny,p4l,Silver 1,B,Sage,188,131.1,48,14,18,7,26,0,2,0
a282edb4-e051-4d04-a97f-a1fcb5d08f4c,chooby,9435,Unrated,B,Omen,145,87.9,35,11,19,5,14,0,6,1
a282edb4-e051-4d04-a97f-a1fcb5d08f4c,kulang sa cuddle,Jpips,Unrated,B,Skye,86,68.8,29,4,18,3,8,0,1,0
67790c24-9c58-48cf-8775-cec161017498,im levitating,yaya,Diamond 2,A,Raze,328,186.4,72,27,16,8,5,1,3,5
67790c24-9c58-48cf-8775-cec161017498,jeeteronfleek,Leon,Platinum 3,A,Sage,244,169.9,69,19,20,6,13,4,5,1
67790c24-9c58-48cf-8775-cec161017498,zotti,ZZZ,Diamond 3,A,Reyna,232,144.2,56,19,16,5,18,2,0,0
67790c24-9c58-48cf-8775-cec161017498,saber,one,Diamond 1,A,KAY/O,192,132.7,51,17,17,6,23,3,5,1
67790c24-9c58-48cf-8775-cec161017498,gnarlyfoot,smily,Diamond 1,A,Astra,112,83.0,37,8,14,9,12,0,0,0
67790c24-9c58-48cf-8775-cec161017498,age,69420,Diamond 2,B,Brimstone,295,186.3,68,22,18,6,14,2,1,1
67790c24-9c58-48cf-8775-cec161017498,jmu ddirocco,DBest,Diamond 3,B,Jett,258,151.2,65,23,19,2,17,5,4,2
67790c24-9c58-48cf-8775-cec161017498,agim,9736,Unrated,B,Skye,192,116.9,43,16,19,8,18,3,2,1
67790c24-9c58-48cf-8775-cec161017498,jmu noaisaraf,NA2,Diamond 3,B,Cypher,187,126.3,53,13,15,6,9,2,0,0
67790c24-9c58-48cf-8775-cec161017498,wre hômnaytuibùn,Chibe,Diamond 3,B,Phoenix,147,104.0,40,9,19,5,16,1,3,0
84f09f16-6751-4097-ab19-da2dc56f1574,krota,ems,Diamond 2,A,Jett,342,211.0,87,24,12,3,25,6,4,4
84f09f16-6751-4097-ab19-da2dc56f1574,itzkyletv,928,Diamond 2,A,Reyna,230,163.7,76,14,13,7,51,2,3,1
84f09f16-6751-4097-ab19-da2dc56f1574,amoistmango,NA1,Diamond 1,A,Sage,212,146.3,59,14,12,5,24,1,2,2
84f09f16-6751-4097-ab19-da2dc56f1574,mcchicken,iluvL,Platinum 3,A,Omen,189,125.7,54,15,13,5,21,2,0,1
84f09f16-6751-4097-ab19-da2dc56f1574,prozen,NA1,Immortal 1,A,Cypher,175,136.8,68,13,10,4,20,0,0,1
84f09f16-6751-4097-ab19-da2dc56f1574,cpn,1111,Immortal 1,B,Reyna,251,154.3,53,16,18,4,23,4,2,1
84f09f16-6751-4097-ab19-da2dc56f1574,kuya,filo,Diamond 1,B,Brimstone,205,126.2,57,14,14,10,13,1,1,1
84f09f16-6751-4097-ab19-da2dc56f1574,sl1ck,2007,Diamond 1,B,Breach,147,110.5,39,12,15,3,47,3,2,2
84f09f16-6751-4097-ab19-da2dc56f1574,오징어 먹어,000,Diamond 2,B,Sage,135,83.2,32,9,17,5,8,1,2,0
84f09f16-6751-4097-ab19-da2dc56f1574,takashiジ,1563,Platinum 1,B,Jett,131,87.3,38,9,16,5,18,0,4,0
3bbea165-9cfa-4c32-aaae-c53c7ee380b8,tokuari,Sen,Gold 1,A,Breach,308,191.7,63,29,18,7,14,4,3,5
3bbea165-9cfa-4c32-aaae-c53c7ee380b8,icecream,pog,Gold 2,A,Sage,248,168.7,60,23,18,13,20,3,1,1
3bbea165-9cfa-4c32-aaae-c53c7ee380b8,unstabl2,12345,Gold 3,A,Raze,221,166.3,61,19,19,6,19,3,3,2
3bbea165-9cfa-4c32-aaae-c53c7ee380b8,bowlofpotato,666,Gold 3,A,Omen,182,124.6,46,16,20,4,31,2,0,0
3bbea165-9cfa-4c32-aaae-c53c7ee380b8,iickthisyogurt,NA1,Gold 2,A,Reyna,172,111.2,43,16,16,2,9,3,4,0
3bbea165-9cfa-4c32-aaae-c53c7ee380b8,caldenski,5422,Gold 2,B,Killjoy,300,198.1,69,26,21,6,16,2,3,2
3bbea165-9cfa-4c32-aaae-c53c7ee380b8,note,EBK,Gold 1,B,Reyna,212,157.8,50,19,22,5,19,2,4,1
3bbea165-9cfa-4c32-aaae-c53c7ee380b8,deadwiff,4648,Gold 3,B,Omen,206,144.1,52,18,19,4,28,4,4,2
3bbea165-9cfa-4c32-aaae-c53c7ee380b8,shine,BG87,Gold 3,B,Skye,171,118.9,53,14,19,13,22,0,1,0
3bbea165-9cfa-4c32-aaae-c53c7ee380b8,piff,glizz,Gold 3,B,Sage,135,78.0,26,14,22,2,18,3,3,0
58e24f2c-e02c-49e4-990e-1360b7532005,grimcraftftw,3020,Platinum 2,A,Reyna,303,195.9,110,20,9,5,14,2,1,2
58e24f2c-e02c-49e4-990e-1360b7532005,bleuf,NA1,Gold 2,A,Chamber,254,176.3,69,18,9,3,12,2,0,1
58e24f2c-e02c-49e4-990e-1360b7532005,jaydidnothingwon,5316,Unrated,A,Brimstone,224,153.6,60,13,13,12,15,3,3,0
58e24f2c-e02c-49e4-990e-1360b7532005,titan,BEANS,Platinum 1,A,Sova,208,115.5,47,14,11,5,18,1,2,2
58e24f2c-e02c-49e4-990e-1360b7532005,siced,PXY,Platinum 1,A,Jett,172,126.7,58,10,14,4,33,3,1,1
58e24f2c-e02c-49e4-990e-1360b7532005,chubs,BOOST,Platinum 3,B,Sova,227,151.1,57,14,16,1,28,0,2,2
58e24f2c-e02c-49e4-990e-1360b7532005,ruppy,Rao,Gold 3,B,Chamber,210,154.3,63,13,14,4,23,2,1,0
58e24f2c-e02c-49e4-990e-1360b7532005,kadima,5528,Platinum 2,B,Jett,191,121.7,54,13,14,1,23,2,5,1
58e24f2c-e02c-49e4-990e-1360b7532005,flippapino,0904,Gold 1,B,Viper,184,118.4,47,10,15,5,27,2,1,0
58e24f2c-e02c-49e4-990e-1360b7532005,soul,1030,Gold 1,B,Reyna,113,81.7,31,6,16,3,15,1,2,0
68e30b92-f5f6-4e04-943e-08423d3864bc,zach9,NA1,Platinum 1,A,Reyna,355,227.9,81,34,17,6,27,4,1,6
68e30b92-f5f6-4e04-943e-08423d3864bc,varmiint,4163,Unrated,A,Jett,209,133.5,50,19,17,3,18,2,3,1
68e30b92-f5f6-4e04-943e-08423d3864bc,liuser23,NA1,Unrated,A,Chamber,194,123.8,47,17,20,6,19,4,1,0
68e30b92-f5f6-4e04-943e-08423d3864bc,justinjjc,1024,Platinum 2,A,Omen,187,116.9,47,18,17,9,11,2,7,1
68e30b92-f5f6-4e04-943e-08423d3864bc,pink and blue,1111,Unrated,A,Sova,165,110.5,42,15,20,8,21,0,2,2
68e30b92-f5f6-4e04-943e-08423d3864bc,steben,mole,Diamond 1,B,Neon,253,164.4,67,25,17,2,26,2,5,2
68e30b92-f5f6-4e04-943e-08423d3864bc,wwwwwwwwwwwwwwww,ong,Platinum 3,B,Sova,222,168.5,59,20,19,8,34,1,1,1
68e30b92-f5f6-4e04-943e-08423d3864bc,uno,3996,Platinum 3,B,Jett,220,137.8,43,18,23,5,13,6,3,1
68e30b92-f5f6-4e04-943e-08423d3864bc,ultrahyper,7718,Platinum 3,B,Chamber,174,106.7,36,14,23,5,19,5,1,1
68e30b92-f5f6-4e04-943e-08423d3864bc,vibey,goml,Unrated,B,Astra,161,120.6,42,14,21,8,19,0,2,0
4756d0b5-c375-45ca-abd6-dc48cf76c81e,deanward,000,Immortal 1,A,Reyna,268,169.1,62,28,21,3,25,1,4,3
4756d0b5-c375-45ca-abd6-dc48cf76c81e,mr taofunzy,JAMAL,Immortal 2,A,Sova,243,169.9,55,21,20,13,23,3,4,0
4756d0b5-c375-45ca-abd6-dc48cf76c81e,tam,0117,Immortal 2,A,Killjoy,227,154.9,59,21,20,5,16,3,6,2
4756d0b5-c375-45ca-abd6-dc48cf76c81e,bchauds,420,Immortal 1,A,Jett,187,123.4,41,19,20,6,22,2,5,1
4756d0b5-c375-45ca-abd6-dc48cf76c81e,kasumigaoka,7777,Diamond 3,A,Viper,112,77.9,26,12,23,7,21,0,0,0
4756d0b5-c375-45ca-abd6-dc48cf76c81e,tlp minty,THE,Immortal 2,B,Cypher,254,165.6,55,27,19,6,28,3,0,2
4756d0b5-c375-45ca-abd6-dc48cf76c81e,koof,star,Immortal 3,B,Raze,244,167.0,55,23,21,6,23,4,3,2
4756d0b5-c375-45ca-abd6-dc48cf76c81e,pizzaman,7477,Immortal 2,B,Sova,225,145.9,50,22,16,11,30,5,2,1
4756d0b5-c375-45ca-abd6-dc48cf76c81e,jmu ddirocco,DBest,Immortal 2,B,Jett,189,116.8,39,16,24,6,12,6,3,1
4756d0b5-c375-45ca-abd6-dc48cf76c81e,lgc path,9293,Immortal 1,B,Astra,165,105.7,36,16,21,10,38,1,1,0
4f64be54-fc7d-4827-b4cd-2d1c383af867,rishi loves you,4999,Gold 3,A,Sage,317,204.2,64,32,21,5,23,5,5,5
4f64be54-fc7d-4827-b4cd-2d1c383af867,bad asian jett,smurf,Silver 3,A,Jett,279,182.9,63,26,20,6,14,1,3,3
4f64be54-fc7d-4827-b4cd-2d1c383af867,stryker2thepeter,NA1,Gold 3,A,Astra,213,147.0,49,23,17,5,28,1,1,2
4f64be54-fc7d-4827-b4cd-2d1c383af867,mytherod,oden,Gold 2,A,Reyna,170,102.1,34,14,25,7,2,2,5,0
4f64be54-fc7d-4827-b4cd-2d1c383af867,chambergoodier,4778,Silver 3,A,Sova,155,102.8,34,15,23,8,23,1,4,0
4f64be54-fc7d-4827-b4cd-2d1c383af867,sad nebltis,2319,Gold 1,B,Reyna,339,224.9,70,33,25,5,29,7,3,4
4f64be54-fc7d-4827-b4cd-2d1c383af867,slavoholic,818B,Gold 1,B,Brimstone,236,154.5,60,25,21,6,16,1,1,1
4f64be54-fc7d-4827-b4cd-2d1c383af867,obese beaver,1011,Gold 2,B,Raze,234,165.6,57,20,24,6,17,9,4,1
4f64be54-fc7d-4827-b4cd-2d1c383af867,đẹp try,Nhat,Gold 2,B,Omen,148,103.9,36,15,21,4,14,1,2,0
4f64be54-fc7d-4827-b4cd-2d1c383af867,ryzebomber,NA1,Silver 2,B,Sage,140,110.1,42,13,19,10,16,0,0,1
93602b6f-b4d5-472e-a3b0-c372a13591f9,kjtakesnotalent,kjbad,Diamond 1,A,Skye,217,132.0,51,17,13,6,15,5,2,1
93602b6f-b4d5-472e-a3b0-c372a13591f9,demon,300,Platinum 3,A,Chamber,208,148.2,62,16,13,2,17,3,0,0
93602b6f-b4d5-472e-a3b0-c372a13591f9,enjoツ,001,Diamond 1,A,Phoenix,203,133.2,57,17,13,1,25,3,3,1
93602b6f-b4d5-472e-a3b0-c372a13591f9,shinnosuke,5289,Diamond 1,A,Astra,172,127.0,63,14,10,2,33,0,0,0
93602b6f-b4d5-472e-a3b0-c372a13591f9,dhruv r kpopstan,BTS,Platinum 2,A,Jett,162,99.2,38,13,15,1,19,2,4,1
93602b6f-b4d5-472e-a3b0-c372a13591f9,faze futanarii,1234,Platinum 1,B,KAY/O,249,152.5,65,19,15,9,13,2,4,2
93602b6f-b4d5-472e-a3b0-c372a13591f9,zednik,7902,Diamond 2,B,Omen,223,149.5,55,15,17,5,10,1,2,2
93602b6f-b4d5-472e-a3b0-c372a13591f9,supremeamv,4136,Platinum 1,B,Raze,206,149.4,49,13,21,4,23,3,3,1
93602b6f-b4d5-472e-a3b0-c372a13591f9,nue,god,Platinum 3,B,Jett,145,90.6,39,12,15,2,23,3,3,0
93602b6f-b4d5-472e-a3b0-c372a13591f9,kariya,9340,Platinum 3,B,Killjoy,73,54.6,48,5,9,2,11,0,1,0
47057dc8-a21e-41da-b089-9e3a8b8b1608,구프칭총누들먹기,0000,Gold 1,A,Jett,345,212.4,85,36,19,3,36,9,2,3
47057dc8-a21e-41da-b089-9e3a8b8b1608,nanit,ezpk,Gold 1,A,Skye,243,167.3,63,24,17,13,26,0,3,2
47057dc8-a21e-41da-b089-9e3a8b8b1608,billo,NA1,Gold 1,A,Reyna,179,116.9,42,16,20,9,17,5,3,1
47057dc8-a21e-41da-b089-9e3a8b8b1608,paulyd,6910,Silver 3,A,Viper,152,104.7,37,14,17,6,14,1,2,0
47057dc8-a21e-41da-b089-9e3a8b8b1608,kevin,2093,Gold 2,A,Breach,125,81.4,31,14,20,3,11,1,2,0
47057dc8-a21e-41da-b089-9e3a8b8b1608,meira,NA1,Gold 3,B,Chamber,264,165.8,64,27,19,5,16,1,3,4
47057dc8-a21e-41da-b089-9e3a8b8b1608,aquablaze,7950,Silver 2,B,Jett,194,132.4,49,20,22,4,49,5,4,2
47057dc8-a21e-41da-b089-9e3a8b8b1608,icoboob,NA1,Gold 1,B,Neon,180,129.9,46,19,21,1,39,3,5,1
47057dc8-a21e-41da-b089-9e3a8b8b1608,iniquitous,NA1,Silver 2,B,Viper,165,108.7,40,15,20,8,18,3,2,2
47057dc8-a21e-41da-b089-9e3a8b8b1608,jrath6587,NA1,Silver 3,B,KAY/O,135,88.8,33,12,22,6,11,0,2,1
5065762a-3b03-47e3-90bb-4d0c5a90dd36,mrbananagrabber,420,Unrated,A,Brimstone,242,154.8,60,20,19,12,9,4,1,0
5065762a-3b03-47e3-90bb-4d0c5a90dd36,daniel lafferty,42069,Gold 1,A,Skye,211,155.1,60,20,16,4,31,2,5,2
5065762a-3b03-47e3-90bb-4d0c5a90dd36,deadwiff,4648,Platinum 1,A,Jett,195,134.8,48,17,20,6,27,3,3,2
5065762a-3b03-47e3-90bb-4d0c5a90dd36,lee van cleef,69420,Gold 3,A,Chamber,189,131.5,48,18,22,2,15,1,1,0
5065762a-3b03-47e3-90bb-4d0c5a90dd36,killabear187,NA1,Platinum 2,A,Sage,140,100.1,34,11,22,13,14,3,3,0
5065762a-3b03-47e3-90bb-4d0c5a90dd36,urlocalwhiteboy,2716,Gold 3,B,Reyna,328,207.3,85,30,16,5,30,10,6,3
5065762a-3b03-47e3-90bb-4d0c5a90dd36,ducati,187,Platinum 1,B,Sova,268,199.4,85,22,14,17,26,2,1,1
5065762a-3b03-47e3-90bb-4d0c5a90dd36,realityxi,TTV,Platinum 3,B,Killjoy,215,150.8,55,19,17,3,20,0,0,2
5065762a-3b03-47e3-90bb-4d0c5a90dd36,fratgirls,5004,Gold 2,B,Skye,173,111.2,40,16,21,6,11,1,4,1
5065762a-3b03-47e3-90bb-4d0c5a90dd36,crimson,1505,Gold 1,B,Omen,129,94.0,35,12,18,9,24,0,2,0
1518d991-9dab-48e2-9875-64849b8da01a,daps,1326,Platinum 3,A,Jett,296,182.5,82,22,13,1,41,3,4,3
1518d991-9dab-48e2-9875-64849b8da01a,meek,1732,Platinum 2,A,Sova,275,199.4,86,18,11,7,21,0,0,1
1518d991-9dab-48e2-9875-64849b8da01a,samebadguy,9694,Gold 3,A,Omen,272,182.3,62,18,15,7,40,2,3,2
1518d991-9dab-48e2-9875-64849b8da01a,great hunger,Midi,Platinum 1,A,Reyna,158,107.4,37,10,15,3,14,2,2,0
1518d991-9dab-48e2-9875-64849b8da01a,vis pride,NA1,Gold 1,A,Sage,117,81.2,38,9,11,6,20,1,2,0
1518d991-9dab-48e2-9875-64849b8da01a,bibimbop,6969,Gold 3,B,Raze,295,209.6,82,18,15,5,24,4,2,0
1518d991-9dab-48e2-9875-64849b8da01a,unknownツ,Yeet,Platinum 2,B,Skye,214,140.9,59,13,17,4,21,4,1,0
1518d991-9dab-48e2-9875-64849b8da01a,avid,simp,Gold 3,B,Brimstone,192,136.0,60,13,15,3,31,1,1,1
1518d991-9dab-48e2-9875-64849b8da01a,bootn,1101,Platinum 3,B,Reyna,177,127.3,50,11,15,4,20,1,3,1
1518d991-9dab-48e2-9875-64849b8da01a,keevo,NA1,Gold 3,B,Jett,148,103.1,47,10,15,2,28,1,1,0
ee32feb6-8b9d-4ee0-8dc3-6fe15af10f38,eres una azada,87567,Bronze 3,A,Jett,275,165.1,70,22,11,5,23,4,3,4
ee32feb6-8b9d-4ee0-8dc3-6fe15af10f38,tanjiro,12343,Gold 2,A,Raze,247,175.4,58,17,14,4,21,2,3,2
ee32feb6-8b9d-4ee0-8dc3-6fe15af10f38,dwight schrute,34932,Silver 2,A,Sage,226,151.5,70,18,12,4,24,1,1,3
ee32feb6-8b9d-4ee0-8dc3-6fe15af10f38,stay mad,1528,Silver 3,A,Omen,196,144.4,67,13,16,9,22,2,2,0
ee32feb6-8b9d-4ee0-8dc3-6fe15af10f38,juiceword999,word,Silver 3,A,Skye,160,112.0,57,11,11,9,13,2,1,0
ee32feb6-8b9d-4ee0-8dc3-6fe15af10f38,cereal,7946,Gold 1,B,Reyna,263,165.6,65,18,17,3,21,7,3,2
ee32feb6-8b9d-4ee0-8dc3-6fe15af10f38,deadwiff,1337,Silver 2,B,Jett,239,153.8,67,18,15,3,18,1,3,0
ee32feb6-8b9d-4ee0-8dc3-6fe15af10f38,ara,8800,Silver 2,B,Killjoy,192,124.1,51,12,18,3,7,1,0,0
ee32feb6-8b9d-4ee0-8dc3-6fe15af10f38,narfle,NA1,Gold 3,B,Breach,134,96.4,40,9,16,4,14,1,5,1
ee32feb6-8b9d-4ee0-8dc3-6fe15af10f38,zorro,isgay,Silver 2,B,Sova,112,84.0,41,7,15,3,13,0,0,0
514fca49-281b-4150-b9f4-98ce0c60616a,theyeetedtape,Tape,Immortal 1,A,Reyna,281,175.2,63,28,20,3,33,3,6,1
514fca49-281b-4150-b9f4-98ce0c60616a,jmu ddirocco,DBest,Immortal 2,A,Jett,240,136.9,50,20,17,4,22,5,2,2
514fca49-281b-4150-b9f4-98ce0c60616a,bofa pp,Small,Immortal 2,A,Omen,218,131.9,46,21,16,4,15,1,2,2
514fca49-281b-4150-b9f4-98ce0c60616a,wolfy,6969,Immortal 1,A,Sage,204,135.9,51,16,17,7,19,2,2,0
514fca49-281b-4150-b9f4-98ce0c60616a,ballersteve,6177,Immortal 1,A,Skye,83,69.3,28,9,17,7,32,0,3,0
514fca49-281b-4150-b9f4-98ce0c60616a,feetpolice,6969,Immortal 1,B,Reyna,275,215.0,93,24,16,4,17,4,2,1
514fca49-281b-4150-b9f4-98ce0c60616a,cah nore,idfk,Immortal 2,B,Chamber,211,134.4,52,18,20,6,18,4,4,2
514fca49-281b-4150-b9f4-98ce0c60616a,come smoothie,1619,Immortal 1,B,Cypher,186,144.8,64,18,15,2,43,1,0,0
514fca49-281b-4150-b9f4-98ce0c60616a,leon,WEED,Immortal 1,B,Astra,172,127.8,37,14,20,12,9,1,0,0
514fca49-281b-4150-b9f4-98ce0c60616a,orbit,2413,Immortal 1,B,Raze,167,118.5,45,13,23,6,12,5,5,1
a5afd4a3-6569-4fe5-bad0-a9cf137f6886,prod disciple,uno,Gold 1,A,Raze,264,165.9,60,21,17,6,16,1,1,1
a5afd4a3-6569-4fe5-bad0-a9cf137f6886,oways53,3663,Platinum 2,A,Reyna,248,165.2,66,20,19,5,12,5,6,1
a5afd4a3-6569-4fe5-bad0-a9cf137f6886,amaday,77777,Platinum 1,A,Jett,194,124.9,46,17,22,5,32,4,3,1
a5afd4a3-6569-4fe5-bad0-a9cf137f6886,version1,Tier1,Platinum 1,A,Sova,174,117.8,47,14,18,6,14,0,1,1
a5afd4a3-6569-4fe5-bad0-a9cf137f6886,badone,1234,Platinum 1,A,Sage,159,117.5,46,13,18,7,20,0,3,1
a5afd4a3-6569-4fe5-bad0-a9cf137f6886,kelpshake,2444,Gold 3,B,Jett,333,218.6,87,28,18,4,35,5,3,3
a5afd4a3-6569-4fe5-bad0-a9cf137f6886,kjtakesnotalent,kjbad,Platinum 3,B,Phoenix,235,154.0,60,19,16,4,28,4,3,1
a5afd4a3-6569-4fe5-bad0-a9cf137f6886,phantom,cack,Platinum 2,B,Killjoy,213,158.3,66,17,16,4,17,0,0,1
a5afd4a3-6569-4fe5-bad0-a9cf137f6886,m0uz,ATL,Platinum 2,B,Chamber,188,134.6,54,17,16,2,44,2,0,1
a5afd4a3-6569-4fe5-bad0-a9cf137f6886,dhruv r kpopstan,BTS,Platinum 1,B,Reyna,166,105.8,40,13,19,6,16,3,4,1
dd72a2f3-7704-4587-9210-c8bd937184a9,cat treats,SIMP,Silver 3,A,Jett,312,186.3,76,27,12,5,14,3,2,3
dd72a2f3-7704-4587-9210-c8bd937184a9,ßøøƒッ,69420,Silver 3,A,Omen,237,141.8,56,19,19,9,6,2,3,0
dd72a2f3-7704-4587-9210-c8bd937184a9,deji4x,4time,Silver 1,A,Sage,223,152.8,73,17,14,4,22,3,2,0
dd72a2f3-7704-4587-9210-c8bd937184a9,chrisbrown,6011,Gold 1,A,Reyna,192,134.0,53,16,16,2,17,3,3,1
dd72a2f3-7704-4587-9210-c8bd937184a9,mint,GC8,Gold 1,A,Breach,106,85.8,32,7,18,9,13,0,2,0
dd72a2f3-7704-4587-9210-c8bd937184a9,ieatedpotato,NA1,Gold 1,B,Phoenix,325,207.4,95,24,20,5,23,3,2,2
dd72a2f3-7704-4587-9210-c8bd937184a9,shura,kiri,Gold 1,B,Jett,230,146.9,63,17,18,2,21,7,4,0
dd72a2f3-7704-4587-9210-c8bd937184a9,legendofkennyg,NA1,Gold 2,B,Killjoy,183,123.0,49,14,17,6,16,1,5,1
dd72a2f3-7704-4587-9210-c8bd937184a9,cyan,00FF,Gold 1,B,Astra,176,114.3,48,14,15,3,10,0,0,0
dd72a2f3-7704-4587-9210-c8bd937184a9,burnell,6969,Gold 1,B,Chamber,127,91.3,41,10,16,2,11,1,0,0
d6f3f977-eeed-4eb7-83b5-06f2ef67198e,jhay,2849,Platinum 1,A,Reyna,403,240.8,91,34,15,6,22,7,1,7
d6f3f977-eeed-4eb7-83b5-06f2ef67198e,skadribbled,7979,Silver 3,A,Chamber,275,177.2,70,21,17,6,17,3,2,2
d6f3f977-eeed-4eb7-83b5-06f2ef67198e,rig,555,Gold 1,A,Omen,193,138.4,59,15,19,4,25,1,5,0
d6f3f977-eeed-4eb7-83b5-06f2ef67198e,yakult,Yum,Gold 1,A,Sage,124,85.0,32,11,18,9,15,0,1,0
d6f3f977-eeed-4eb7-83b5-06f2ef67198e,kryss,1985,Gold 2,A,Jett,85,58.2,21,6,18,5,8,1,3,1
d6f3f977-eeed-4eb7-83b5-06f2ef67198e,fishbait,3942,Silver 3,B,Reyna,298,189.7,92,25,16,2,34,4,2,3
d6f3f977-eeed-4eb7-83b5-06f2ef67198e,jamms,NA1,Gold 1,B,Jett,263,179.9,75,20,18,6,18,4,5,1
d6f3f977-eeed-4eb7-83b5-06f2ef67198e,meira,NA1,Gold 3,B,Sova,247,172.3,67,21,17,7,21,2,2,2
d6f3f977-eeed-4eb7-83b5-06f2ef67198e,kodjak,0220,Gold 2,B,Omen,179,114.3,48,16,17,5,17,2,1,0
d6f3f977-eeed-4eb7-83b5-06f2ef67198e,icoboob,NA1,Silver 3,B,Sage,66,48.2,18,5,19,10,25,0,2,0
301e950b-f625-4b99-b52f-9cf80b022b7d,zotbest,NA1,Platinum 1,A,Reyna,311,194.3,70,26,17,4,15,3,2,4
301e950b-f625-4b99-b52f-9cf80b022b7d,nickatknite,6938,Platinum 2,A,Jett,272,157.3,69,23,17,5,26,6,3,1
301e950b-f625-4b99-b52f-9cf80b022b7d,willi5,NA1,Platinum 1,A,Sage,198,113.8,39,18,17,8,11,1,3,1
301e950b-f625-4b99-b52f-9cf80b022b7d,clubsoda,3390,Platinum 2,A,Sova,188,142.9,58,14,17,7,16,0,4,1
301e950b-f625-4b99-b52f-9cf80b022b7d,shananigans,TTV,Gold 1,A,Viper,68,48.7,19,6,17,4,18,0,2,0
301e950b-f625-4b99-b52f-9cf80b022b7d,nott3chnical,Worse,Platinum 2,B,Phoenix,446,291.8,120,36,19,6,29,4,4,6
301e950b-f625-4b99-b52f-9cf80b022b7d,meira,NA1,Gold 2,B,Raze,219,141.4,52,18,18,6,15,3,2,2
301e950b-f625-4b99-b52f-9cf80b022b7d,juantap,LULW,Gold 2,B,Sage,160,114.3,40,12,20,7,17,3,2,1
301e950b-f625-4b99-b52f-9cf80b022b7d,icoboob,NA1,Gold 2,B,Killjoy,128,96.7,51,10,15,1,13,3,2,0
301e950b-f625-4b99-b52f-9cf80b022b7d,i make big flayz,NA1,Platinum 1,B,Viper,121,82.3,40,9,15,10,15,1,0,0
a9505310-c0f8-4ea8-abd4-46a0ea902117,arbys,5882,Unrated,A,Omen,324,194.7,77,26,21,3,37,7,3,2
a9505310-c0f8-4ea8-abd4-46a0ea902117,bzm,4274,Platinum 1,A,Chamber,304,198.8,95,24,15,2,26,5,1,0
a9505310-c0f8-4ea8-abd4-46a0ea902117,jameswithframes,JAJA,Gold 3,A,Sage,258,182.5,62,21,14,10,16,1,1,2
a9505310-c0f8-4ea8-abd4-46a0ea902117,awpnotop,4908,Gold 3,A,Jett,213,145.7,68,16,14,3,15,1,1,1
a9505310-c0f8-4ea8-abd4-46a0ea902117,plz end me,Altf4,Gold 3,A,Reyna,136,90.9,40,12,14,3,14,0,3,1
a9505310-c0f8-4ea8-abd4-46a0ea902117,deadwiff,4648,Gold 3,B,Omen,268,165.9,64,21,19,6,25,2,1,3
a9505310-c0f8-4ea8-abd4-46a0ea902117,haider is goated,bank,Platinum 1,B,Reyna,233,152.0,57,18,23,5,22,4,5,2
a9505310-c0f8-4ea8-abd4-46a0ea902117,darkelixir,4942,Platinum 1,B,Jett,180,115.3,47,15,19,3,28,3,5,1
a9505310-c0f8-4ea8-abd4-46a0ea902117,pika,cha,Gold 3,B,Sage,176,113.9,44,13,20,7,10,0,1,0
a9505310-c0f8-4ea8-abd4-46a0ea902117,bcblais,2763,Platinum 1,B,Chamber,136,87.6,38,11,18,1,17,0,2,0
b3d60e37-d433-4fbc-9144-1679bd21edf8,shreckedtv,onTTV,Diamond 3,A,Chamber,330,217.6,82,25,15,2,47,9,2,2
b3d60e37-d433-4fbc-9144-1679bd21edf8,harry,781,Immortal 1,A,Reyna,263,175.2,67,19,15,7,16,0,3,2
b3d60e37-d433-4fbc-9144-1679bd21edf8,lowstroy,1head,Immortal 2,A,Breach,243,155.7,57,16,16,8,20,2,2,2
b3d60e37-d433-4fbc-9144-1679bd21edf8,mokeem,9626,Immortal 1,A,Jett,180,113.0,56,15,9,2,13,1,1,1
b3d60e37-d433-4fbc-9144-1679bd21edf8,sloper,rock,Immortal 1,A,Viper,154,104.8,40,10,14,9,6,0,0,0
b3d60e37-d433-4fbc-9144-1679bd21edf8,lethila,NA1,Immortal 3,B,Chamber,248,161.8,63,18,18,1,36,1,2,2
b3d60e37-d433-4fbc-9144-1679bd21edf8,jmu ddirocco,DBest,Immortal 2,B,Jett,211,131.5,53,13,17,4,16,3,1,0
b3d60e37-d433-4fbc-9144-1679bd21edf8,drmoho,NA1,Immortal 2,B,Yoru,202,115.9,44,15,17,4,10,1,2,0
b3d60e37-d433-4fbc-9144-1679bd21edf8,jmu rai,byo,Diamond 2,B,Omen,201,137.8,54,14,15,4,20,1,1,0
b3d60e37-d433-4fbc-9144-1679bd21edf8,blank,9454,Diamond 2,B,Reyna,135,81.8,30,9,18,1,15,2,6,0
ded43b31-9da3-42e7-bd79-7b7049ca12cc,pop,9162,Gold 3,A,Jett,325,207.4,67,30,20,3,29,8,4,3
ded43b31-9da3-42e7-bd79-7b7049ca12cc,blakejd,3937,Gold 3,A,Astra,231,133.6,51,25,18,3,19,2,3,1
ded43b31-9da3-42e7-bd79-7b7049ca12cc,autobon405,23423,Gold 3,A,Reyna,211,147.9,57,20,20,6,20,4,4,2
ded43b31-9da3-42e7-bd79-7b7049ca12cc,stinkybuttcrack,1000,Unrated,A,Sage,186,136.6,53,15,16,15,16,1,1,0
ded43b31-9da3-42e7-bd79-7b7049ca12cc,bluemtwolf,LBozo,Gold 2,A,Brimstone,142,95.3,33,12,21,15,6,0,1,0
ded43b31-9da3-42e7-bd79-7b7049ca12cc,robin,nicoo,Gold 3,B,Jett,222,166.6,68,24,18,3,22,4,5,2
ded43b31-9da3-42e7-bd79-7b7049ca12cc,jennifer,3402,Platinum 1,B,Sage,210,142.4,43,19,21,10,20,3,0,1
ded43b31-9da3-42e7-bd79-7b7049ca12cc,thejadibear,NA1,Gold 3,B,Viper,192,131.8,46,16,24,13,3,0,4,2
ded43b31-9da3-42e7-bd79-7b7049ca12cc,unitedempire,NA1,Gold 2,B,Sova,191,110.4,44,20,16,1,21,1,1,1
ded43b31-9da3-42e7-bd79-7b7049ca12cc,death,9368,Gold 2,B,Reyna,169,118.5,39,16,23,3,18,5,5,1
c76532ba-3163-46e8-9744-8ed5d5250d6b,vlora,5252,Gold 2,A,Reyna,233,158.2,70,16,14,3,32,5,2,2
c76532ba-3163-46e8-9744-8ed5d5250d6b,anduriil,6335,Unrated,A,Jett,230,159.3,72,17,14,5,34,4,4,1
c76532ba-3163-46e8-9744-8ed5d5250d6b,zehlo,6304,Platinum 2,A,Viper,195,135.4,71,18,10,1,33,0,1,1
c76532ba-3163-46e8-9744-8ed5d5250d6b,yoshioka,0ni,Gold 1,A,Killjoy,170,118.9,46,13,14,5,25,0,3,1
c76532ba-3163-46e8-9744-8ed5d5250d6b,pres,000,Platinum 1,A,Raze,135,91.9,44,11,13,4,8,1,1,0
c76532ba-3163-46e8-9744-8ed5d5250d6b,bnart,sana,Platinum 2,B,Neon,255,189.7,68,16,20,2,16,6,4,0
c76532ba-3163-46e8-9744-8ed5d5250d6b,sicknes4thicknes,3819,Gold 2,B,Brimstone,227,156.4,56,18,15,1,27,1,0,2
c76532ba-3163-46e8-9744-8ed5d5250d6b,phantasyyy,0423,Platinum 1,B,Killjoy,200,133.8,44,13,20,6,10,1,1,0
c76532ba-3163-46e8-9744-8ed5d5250d6b,bibimbop,6969,Gold 3,B,Breach,133,90.8,35,10,14,1,26,2,3,0
c76532ba-3163-46e8-9744-8ed5d5250d6b,colaa,ashly,Gold 1,B,Jett,114,76.3,89,8,6,1,56,1,2,1
b82c9a7a-75b2-4c52-81a0-5b930e8183ec,optimumpride,Ooaah,Platinum 1,A,Phoenix,400,251.3,89,29,14,6,18,7,1,2
b82c9a7a-75b2-4c52-81a0-5b930e8183ec,lowkey,6164,Gold 3,A,Raze,290,184.8,64,20,14,8,8,3,2,2
b82c9a7a-75b2-4c52-81a0-5b930e8183ec,milkies,owo,Gold 2,A,Skye,212,130.4,52,17,14,8,13,3,2,0
b82c9a7a-75b2-4c52-81a0-5b930e8183ec,tatsyy,NAPH,Gold 3,A,Astra,155,104.5,46,12,12,9,12,2,0,0
b82c9a7a-75b2-4c52-81a0-5b930e8183ec,ube,owo,Platinum 1,A,Killjoy,130,106.2,43,7,10,8,14,0,0,1
b82c9a7a-75b2-4c52-81a0-5b930e8183ec,bbibbi,AIYU,Gold 2,B,Brimstone,253,156.0,66,18,16,3,17,1,1,2
b82c9a7a-75b2-4c52-81a0-5b930e8183ec,stryker2thepeter,NA1,Gold 3,B,Raze,246,174.8,69,16,17,6,17,1,1,1
b82c9a7a-75b2-4c52-81a0-5b930e8183ec,aishiteru,ayaya,Gold 1,B,Sage,189,123.2,53,13,15,8,33,1,2,0
b82c9a7a-75b2-4c52-81a0-5b930e8183ec,deku x bakugo,UwU,Gold 1,B,Jett,140,91.0,40,9,19,4,13,2,7,0
b82c9a7a-75b2-4c52-81a0-5b930e8183ec,wenslo,NA1,Gold 2,B,Sova,136,91.1,35,8,18,8,25,0,4,0
5f52cbaa-4574-4ea7-b512-99efde4ede09,12345,2353,Unrated,A,Reyna,358,230.2,91,26,12,8,11,3,2,3
5f52cbaa-4574-4ea7-b512-99efde4ede09,resun,3056,Unrated,A,Killjoy,265,165.7,66,21,10,1,26,2,1,1
5f52cbaa-4574-4ea7-b512-99efde4ede09,stryker2thepeter,NA1,Gold 3,A,KAY/O,225,138.5,51,17,15,8,45,3,0,1
5f52cbaa-4574-4ea7-b512-99efde4ede09,xitzaj,7074,Silver 3,A,Omen,215,130.0,52,16,12,6,21,3,1,3
5f52cbaa-4574-4ea7-b512-99efde4ede09,johan,mnstr,Gold 3,A,Jett,170,114.5,47,13,14,1,43,1,5,0
5f52cbaa-4574-4ea7-b512-99efde4ede09,gobu,7359,Unrated,B,Reyna,223,135.2,55,16,19,1,41,4,0,2
5f52cbaa-4574-4ea7-b512-99efde4ede09,mrmollymae6,NA1,Gold 2,B,Sage,211,135.8,51,13,19,10,9,1,0,1
5f52cbaa-4574-4ea7-b512-99efde4ede09,shrimptemps,7017,Silver 3,B,Neon,172,124.0,52,13,19,2,48,1,4,1
5f52cbaa-4574-4ea7-b512-99efde4ede09,dxpebxy43,6336,Gold 1,B,Astra,155,101.3,36,10,19,5,10,2,6,1
5f52cbaa-4574-4ea7-b512-99efde4ede09,iitshirottv,2828,Platinum 2,B,Chamber,144,100.5,47,11,17,5,9,1,2,0
02f1c259-fc3c-4665-85d1-e374a70f7e42,friedbuttopfrag,3498,Gold 1,A,Reyna,333,201.8,77,24,17,4,15,4,3,2
02f1c259-fc3c-4665-85d1-e374a70f7e42,chiefsalt,NA1,Gold 1,A,KAY/O,285,176.0,73,21,15,12,11,4,3,4
02f1c259-fc3c-4665-85d1-e374a70f7e42,deadwiff,4648,Gold 3,A,Jett,229,141.4,53,18,16,1,26,0,1,1
02f1c259-fc3c-4665-85d1-e374a70f7e42,zach4682,1063,Platinum 2,A,Sage,192,141.2,59,16,10,6,20,2,1,1
02f1c259-fc3c-4665-85d1-e374a70f7e42,papi chulo,fuego,Platinum 3,A,Omen,161,102.5,44,11,14,6,2,2,1,1
02f1c259-fc3c-4665-85d1-e374a70f7e42,zacarette,9494,Gold 3,B,Sage,249,156.1,69,19,14,7,17,2,3,1
02f1c259-fc3c-4665-85d1-e374a70f7e42,rxchix,0000,Platinum 1,B,Killjoy,220,155.7,61,13,18,5,18,3,3,0
02f1c259-fc3c-4665-85d1-e374a70f7e42,mcx,1894,Platinum 1,B,Astra,205,142.9,51,14,20,7,23,2,2,1
02f1c259-fc3c-4665-85d1-e374a70f7e42,spidermans son,webzz,Gold 1,B,Reyna,202,161.3,65,16,19,0,31,2,2,2
02f1c259-fc3c-4665-85d1-e374a70f7e42,lannynyny,42069,Gold 2,B,Raze,192,151.0,60,10,19,7,13,0,2,0
00b7dec4-f48b-472c-ac04-26c507089f9c,thrash,126,Immortal 1,A,Astra,277,185.7,79,26,12,3,40,1,2,3
00b7dec4-f48b-472c-ac04-26c507089f9c,q0ph,mook,Immortal 2,A,Jett,226,147.7,49,20,20,1,33,0,4,2
00b7dec4-f48b-472c-ac04-26c507089f9c,skits,416,Immortal 2,A,Killjoy,189,123.0,44,15,20,4,16,2,2,1
00b7dec4-f48b-472c-ac04-26c507089f9c,red,Utube,Immortal 3,A,Neon,176,103.3,34,14,20,4,41,5,6,2
00b7dec4-f48b-472c-ac04-26c507089f9c,donglyo,juni,Immortal 3,A,Sova,168,117.6,45,14,16,4,37,2,0,1
00b7dec4-f48b-472c-ac04-26c507089f9c,syke,6201,Immortal 2,B,Reyna,299,204.7,86,26,17,2,25,4,3,2
00b7dec4-f48b-472c-ac04-26c507089f9c,mvh,0001,Immortal 3,B,Skye,236,171.8,61,22,18,2,45,2,1,2
00b7dec4-f48b-472c-ac04-26c507089f9c,jmu ddirocco,DBest,Immortal 3,B,Jett,220,131.8,54,15,19,7,16,6,3,0
00b7dec4-f48b-472c-ac04-26c507089f9c,synkv,Nai,Immortal 3,B,Astra,170,118.5,49,14,18,7,38,0,1,0
00b7dec4-f48b-472c-ac04-26c507089f9c,jmu zoboomafoo,2001,Immortal 1,B,Cypher,127,92.2,38,11,17,2,38,2,2,0
f7a790fb-3846-4e42-9e71-44ac3431f4e8,sg sporky,GDN,Immortal 1,A,Reyna,297,201.3,77,20,18,9,23,6,4,2
f7a790fb-3846-4e42-9e71-44ac3431f4e8,hyperduck,5940,Immortal 1,A,Sage,258,163.1,67,21,14,3,20,2,3,2
f7a790fb-3846-4e42-9e71-44ac3431f4e8,gjalla,weeb,Immortal 2,A,Jett,203,122.4,40,17,18,4,10,1,1,1
f7a790fb-3846-4e42-9e71-44ac3431f4e8,jmu ddirocco,DBest,Immortal 3,A,Viper,199,117.9,45,16,17,3,24,1,3,2
f7a790fb-3846-4e42-9e71-44ac3431f4e8,jmu murr,69420,Immortal 1,A,Skye,166,103.0,41,13,16,6,13,0,1,2
f7a790fb-3846-4e42-9e71-44ac3431f4e8,nivek,6443,Immortal 1,B,Raze,308,219.5,81,24,17,1,18,1,1,2
f7a790fb-3846-4e42-9e71-44ac3431f4e8,stephen,mommy,Immortal 3,B,Chamber,239,150.5,68,19,16,3,23,4,4,3
f7a790fb-3846-4e42-9e71-44ac3431f4e8,yckyy,469,Immortal 1,B,Jett,196,147.8,67,15,17,3,22,4,3,0
f7a790fb-3846-4e42-9e71-44ac3431f4e8,origin,592,Immortal 1,B,Viper,183,118.3,42,14,19,7,14,2,0,1
f7a790fb-3846-4e42-9e71-44ac3431f4e8,teto,slat,Immortal 2,B,Sova,156,94.5,42,11,18,9,30,1,2,0
ee578b2c-80df-43f3-b836-559e9e128f20,ericthechalupa,3793,Platinum 1,A,Raze,282,173.0,66,20,13,3,5,4,1,1
ee578b2c-80df-43f3-b836-559e9e128f20,monkeybear444,gway,Platinum 3,A,Omen,241,164.0,74,17,14,6,19,2,1,0
ee578b2c-80df-43f3-b836-559e9e128f20,lightningaj,NA1,Platinum 2,A,Jett,202,135.2,63,16,13,1,17,3,2,1
ee578b2c-80df-43f3-b836-559e9e128f20,supben,3689,Gold 3,A,Sage,176,109.0,45,14,13,7,12,1,1,1
ee578b2c-80df-43f3-b836-559e9e128f20,marvulousmango,HANN,Gold 3,A,Killjoy,166,116.0,51,10,17,11,12,1,5,0
ee578b2c-80df-43f3-b836-559e9e128f20,deadwiff,4648,Gold 3,B,Sage,260,159.7,54,17,16,4,12,3,2,1
ee578b2c-80df-43f3-b836-559e9e128f20,solo,shesh,Platinum 2,B,Jett,258,140.7,84,21,16,2,29,5,4,1
ee578b2c-80df-43f3-b836-559e9e128f20,itsokay,NA1,Platinum 2,B,Chamber,188,119.5,59,12,13,4,7,2,3,1
ee578b2c-80df-43f3-b836-559e9e128f20,quna,7412,Platinum 2,B,Reyna,138,99.0,30,10,16,3,36,0,2,1
ee578b2c-80df-43f3-b836-559e9e128f20,radiant,8250,Platinum 2,B,Astra,132,96.3,36,10,16,3,34,0,0,0
569b3c70-e8a2-49ce-bb30-7ebc659a5c8b,skylxss,1024,Diamond 1,A,Jett,276,172.6,65,18,11,6,28,5,4,2
569b3c70-e8a2-49ce-bb30-7ebc659a5c8b,gel 3zik,PMPM,Unrated,A,Sova,247,149.6,59,16,10,7,20,3,0,2
569b3c70-e8a2-49ce-bb30-7ebc659a5c8b,eriasu,AddMe,Platinum 3,A,Reyna,242,151.4,68,17,9,8,19,0,2,1
569b3c70-e8a2-49ce-bb30-7ebc659a5c8b,mammothtr,CA12,Diamond 3,A,Omen,210,153.9,56,16,11,7,29,1,0,2
569b3c70-e8a2-49ce-bb30-7ebc659a5c8b,chiraqdemon300,1337,Platinum 2,A,KAY/O,182,118.1,43,11,14,13,14,2,2,0
569b3c70-e8a2-49ce-bb30-7ebc659a5c8b,pocket glock,9MM,Diamond 2,B,Reyna,254,159.4,70,17,14,0,29,4,3,1
569b3c70-e8a2-49ce-bb30-7ebc659a5c8b,cpn,1111,Platinum 3,B,Omen,240,164.5,57,15,17,4,19,1,1,0
569b3c70-e8a2-49ce-bb30-7ebc659a5c8b,thumbop,NA1,Diamond 1,B,Yoru,181,105.8,44,12,15,3,22,2,4,1
569b3c70-e8a2-49ce-bb30-7ebc659a5c8b,shep,baaaa,Platinum 3,B,Chamber,124,77.1,37,8,15,2,23,1,1,0
569b3c70-e8a2-49ce-bb30-7ebc659a5c8b,iyuuki,888,Diamond 1,B,Skye,63,43.1,16,3,17,4,5,0,2,0
56e0e140-9906-481d-a016-28e19b1787cf,douma,two,Diamond 3,A,Raze,317,190.9,72,20,14,8,22,8,3,0
56e0e140-9906-481d-a016-28e19b1787cf,sin,xoxo,Immortal 3,A,Chamber,259,188.7,75,21,12,2,33,1,2,1
56e0e140-9906-481d-a016-28e19b1787cf,jmu ddirocco,DBest,Immortal 3,A,Brimstone,241,174.6,83,18,12,5,40,1,1,0
56e0e140-9906-481d-a016-28e19b1787cf,gulu,Piss,Immortal 2,A,Jett,188,126.0,51,15,13,4,18,3,0,1
56e0e140-9906-481d-a016-28e19b1787cf,cuddle,max,Immortal 3,A,Sova,176,117.2,42,12,15,11,23,0,1,2
56e0e140-9906-481d-a016-28e19b1787cf,aid,Lick,Immortal 1,B,Chamber,306,192.2,85,20,14,0,21,2,0,0
56e0e140-9906-481d-a016-28e19b1787cf,doda,KOR,Immortal 2,B,Raze,254,187.9,70,16,18,3,23,2,2,0
56e0e140-9906-481d-a016-28e19b1787cf,gt binsea,KOR,Immortal 2,B,Skye,210,121.2,45,16,17,4,47,1,1,1
56e0e140-9906-481d-a016-28e19b1787cf,tyc,lick,Immortal 1,B,Jett,142,87.4,36,10,17,0,40,0,3,1
56e0e140-9906-481d-a016-28e19b1787cf,honey green tea,1022,Immortal 1,B,Brimstone,73,41.5,16,4,20,5,17,2,7,0
99acd3ba-956b-4c4a-850c-03a4ca66b661,stephen,mommy,Immortal 3,A,Chamber,281,168.2,98,18,7,0,26,5,0,1
99acd3ba-956b-4c4a-850c-03a4ca66b661,cho,korea,Immortal 2,A,Skye,275,164.5,99,17,5,5,26,2,0,1
99acd3ba-956b-4c4a-850c-03a4ca66b661,bandit,54321,Diamond 3,A,Jett,260,151.0,64,18,11,2,23,3,2,1
99acd3ba-956b-4c4a-850c-03a4ca66b661,winston,pog,Immortal 3,A,Viper,197,125.2,59,12,9,6,32,2,1,0
99acd3ba-956b-4c4a-850c-03a4ca66b661,bugsy,Korea,Diamond 3,A,Reyna,171,120.9,52,9,12,6,24,1,1,0
99acd3ba-956b-4c4a-850c-03a4ca66b661,razedx,8245,Immortal 1,B,Chamber,265,163.4,60,15,16,1,23,1,2,2
99acd3ba-956b-4c4a-850c-03a4ca66b661,jmu gsb,JMU,Immortal 2,B,Viper,185,120.9,51,10,15,4,18,0,3,0
99acd3ba-956b-4c4a-850c-03a4ca66b661,xwi,01010,Diamond 1,B,Raze,164,111.1,51,10,14,1,29,1,4,0
99acd3ba-956b-4c4a-850c-03a4ca66b661,jmu ddirocco,DBest,Immortal 3,B,Jett,92,67.7,28,5,13,2,27,1,2,0
99acd3ba-956b-4c4a-850c-03a4ca66b661,sandwich,8276,Unrated,B,KAY/O,87,60.4,30,4,16,6,28,1,2,0
4b4fe133-9ec6-432f-8bb2-7d97e34dae78,fliqqs,6883,Gold 1,A,Reyna,335,234.7,82,29,16,6,30,3,2,2
4b4fe133-9ec6-432f-8bb2-7d97e34dae78,hamzfake,lmao,Gold 3,A,Viper,301,185.6,78,26,14,5,11,0,0,2
4b4fe133-9ec6-432f-8bb2-7d97e34dae78,mario judah,IHFYN,Gold 3,A,Chamber,199,117.2,43,16,22,2,15,8,3,0
4b4fe133-9ec6-432f-8bb2-7d97e34dae78,ovechkin,5000,Gold 3,A,Jett,190,125.3,46,15,18,4,13,4,0,1
4b4fe133-9ec6-432f-8bb2-7d97e34dae78,supersilverhaze,4340,Gold 3,A,Raze,175,131.9,52,12,18,4,10,3,1,1
4b4fe133-9ec6-432f-8bb2-7d97e34dae78,flippapino,0904,Gold 3,B,Sage,285,184.5,80,24,16,5,26,0,6,2
4b4fe133-9ec6-432f-8bb2-7d97e34dae78,frg nav,nez,Gold 3,B,Phoenix,243,154.8,60,20,23,3,13,3,6,3
4b4fe133-9ec6-432f-8bb2-7d97e34dae78,clemmsss,420,Gold 2,B,Viper,222,141.1,51,17,19,6,19,1,2,1
4b4fe133-9ec6-432f-8bb2-7d97e34dae78,craze,Xen,Gold 1,B,Reyna,195,126.1,52,15,20,2,17,1,3,1
4b4fe133-9ec6-432f-8bb2-7d97e34dae78,soap,7078,Gold 3,B,Sova,162,114.4,49,12,20,5,17,1,1,0
74402d09-dded-44cb-ad70-a6a66dbf9e19,ethixx,007,Gold 2,A,Skye,406,266.4,113,20,8,2,36,2,0,4
74402d09-dded-44cb-ad70-a6a66dbf9e19,ky1e,9793,Gold 2,A,Jett,284,174.3,106,13,5,6,15,4,2,1
74402d09-dded-44cb-ad70-a6a66dbf9e19,mikelitterus,6969,Platinum 1,A,Viper,283,196.9,125,17,5,2,20,0,2,2
74402d09-dded-44cb-ad70-a6a66dbf9e19,obese beaver,1011,Gold 3,A,Reyna,140,105.3,37,6,9,6,20,1,3,0
74402d09-dded-44cb-ad70-a6a66dbf9e19,icoboob,NA1,Gold 2,A,Killjoy,98,76.4,46,6,5,6,8,0,0,0
74402d09-dded-44cb-ad70-a6a66dbf9e19,izabella,uwu,Gold 3,B,Viper,272,178.8,65,12,14,3,12,5,1,0
74402d09-dded-44cb-ad70-a6a66dbf9e19,hermione,uwu,Platinum 1,B,Cypher,135,88.1,31,7,14,1,54,0,2,1
74402d09-dded-44cb-ad70-a6a66dbf9e19,stephanie,1273,Gold 2,B,Phoenix,130,88.3,33,6,13,3,29,1,0,0
74402d09-dded-44cb-ad70-a6a66dbf9e19,sano,4764,Gold 3,B,Skye,106,77.7,43,4,11,4,19,1,2,0
74402d09-dded-44cb-ad70-a6a66dbf9e19,peepeecheese,6140,Unrated,B,Reyna,40,30.2,20,3,10,0,75,0,2,0
40ffa727-6ba7-4ed8-bcb2-10da8db349b6,5 years,3842,Platinum 1,A,Raze,306,198.8,84,27,15,1,35,3,2,3
40ffa727-6ba7-4ed8-bcb2-10da8db349b6,svt gardevoir,6071,Platinum 3,A,Sova,216,156.7,64,18,14,4,49,1,0,2
40ffa727-6ba7-4ed8-bcb2-10da8db349b6,dhruv r kpopstan,BTS,Platinum 3,A,Jett,193,120.7,52,15,17,3,20,4,4,1
40ffa727-6ba7-4ed8-bcb2-10da8db349b6,sqx,idc,Platinum 1,A,Cypher,167,112.8,43,14,15,7,26,2,2,1
40ffa727-6ba7-4ed8-bcb2-10da8db349b6,2hot sleepy,S2S,Diamond 1,A,Omen,127,89.6,32,9,18,7,23,2,3,0
40ffa727-6ba7-4ed8-bcb2-10da8db349b6,secret,8493,Platinum 1,B,Skye,264,163.5,64,22,16,6,8,2,1,1
40ffa727-6ba7-4ed8-bcb2-10da8db349b6,chrispac1,5048,Platinum 3,B,Reyna,240,155.2,53,19,17,2,47,4,3,1
40ffa727-6ba7-4ed8-bcb2-10da8db349b6,jpf,403,Diamond 2,B,Jett,216,148.1,65,17,16,3,44,4,2,1
40ffa727-6ba7-4ed8-bcb2-10da8db349b6,obi,4054,Platinum 2,B,Astra,145,94.8,32,11,19,6,29,1,3,0
40ffa727-6ba7-4ed8-bcb2-10da8db349b6,phil swift,9561,Gold 3,B,Sova,111,69.8,30,10,15,3,13,0,3,0
6162323a-c56f-4f11-a2a2-4014c326062d,fishbait,3942,Silver 3,A,Reyna,435,271.7,94,32,16,6,16,9,5,4
6162323a-c56f-4f11-a2a2-4014c326062d,iniquitous,NA1,Gold 3,A,Omen,208,129.4,52,18,14,4,18,0,0,1
6162323a-c56f-4f11-a2a2-4014c326062d,pearpea,NA1,Silver 2,A,Cypher,199,125.7,44,16,17,9,7,0,2,1
6162323a-c56f-4f11-a2a2-4014c326062d,meira,NA1,Gold 3,A,Chamber,130,87.7,39,10,18,3,5,2,4,0
6162323a-c56f-4f11-a2a2-4014c326062d,icoboob,NA1,Gold 3,A,Sage,116,80.0,33,10,15,4,26,0,1,0
6162323a-c56f-4f11-a2a2-4014c326062d,vibess,8917,Gold 2,B,Raze,320,212.1,78,24,18,7,14,7,3,3
6162323a-c56f-4f11-a2a2-4014c326062d,fpsvtuberfbttvyt,6969,Gold 1,B,Omen,223,147.8,57,18,17,5,19,0,4,1
6162323a-c56f-4f11-a2a2-4014c326062d,itsrudy10,4010,Gold 3,B,Chamber,210,137.3,98,16,17,2,38,3,1,2
6162323a-c56f-4f11-a2a2-4014c326062d,braverkkat,5933,Silver 3,B,Killjoy,207,139.7,55,15,17,4,11,1,1,1
6162323a-c56f-4f11-a2a2-4014c326062d,chacarodo,2303,Silver 1,B,Sage,115,83.9,32,7,17,7,17,1,2,0
f47645db-103f-437a-a3ec-d8f5819f34cd,opper oswald,0000,Unrated,A,Jett,480,278.2,164,43,18,4,26,8,1,8
f47645db-103f-437a-a3ec-d8f5819f34cd,kaleykale,mommy,Platinum 1,A,Reyna,275,177.3,47,25,19,7,15,4,3,4
f47645db-103f-437a-a3ec-d8f5819f34cd,ghosted,69696,Gold 3,A,Sova,230,147.8,61,21,18,6,28,2,4,2
f47645db-103f-437a-a3ec-d8f5819f34cd,cpn,1111,Platinum 3,A,Omen,205,125.6,38,18,16,6,23,1,2,2
f47645db-103f-437a-a3ec-d8f5819f34cd,kalekabob,8695,Gold 2,A,Sage,62,31.2,12,3,21,20,8,1,0,0
f47645db-103f-437a-a3ec-d8f5819f34cd,venmoe,0000,Platinum 1,B,Raze,261,185.1,59,21,24,9,20,1,3,3
f47645db-103f-437a-a3ec-d8f5819f34cd,jusbetter,6651,Gold 3,B,Jett,259,164.2,63,23,22,4,41,4,4,1
f47645db-103f-437a-a3ec-d8f5819f34cd,amorphine,0001,Platinum 1,B,KAY/O,196,125.5,40,16,25,14,13,3,2,0
f47645db-103f-437a-a3ec-d8f5819f34cd,sarzh,meow,Gold 3,B,Sage,186,128.2,50,18,18,10,36,0,0,1
f47645db-103f-437a-a3ec-d8f5819f34cd,λspect,UwU ツ,Platinum 1,B,Omen,148,106.5,39,14,21,7,22,2,7,0
08a3ca8f-1835-424d-8cd1-933b65f513e8,spicybagel,5618,Platinum 2,A,Reyna,289,178.6,77,25,14,4,16,3,3,2
08a3ca8f-1835-424d-8cd1-933b65f513e8,hydrated,324,Platinum 2,A,Raze,282,186.9,65,22,19,4,23,4,2,1
08a3ca8f-1835-424d-8cd1-933b65f513e8,thatothaguy,sad,Platinum 2,A,Chamber,218,141.2,69,19,17,1,23,4,2,1
08a3ca8f-1835-424d-8cd1-933b65f513e8,kindmile,poop,Diamond 2,A,Brimstone,155,117.0,44,14,18,7,22,0,4,1
08a3ca8f-1835-424d-8cd1-933b65f513e8,hangry,3403,Platinum 3,A,Sage,148,110.6,49,12,14,8,22,0,2,0
08a3ca8f-1835-424d-8cd1-933b65f513e8,isitlinus,2834,Diamond 2,B,Omen,301,203.0,81,25,17,3,20,2,0,3
08a3ca8f-1835-424d-8cd1-933b65f513e8,tnattor,ggez,Platinum 1,B,Chamber,217,134.8,55,17,23,4,11,3,2,0
08a3ca8f-1835-424d-8cd1-933b65f513e8,flippapino,0904,Platinum 1,B,Reyna,191,116.9,48,16,18,5,15,5,5,2
08a3ca8f-1835-424d-8cd1-933b65f513e8,blitzeon1,NA1,Platinum 3,B,Sage,157,107.0,40,13,16,9,23,1,3,1
08a3ca8f-1835-424d-8cd1-933b65f513e8,k3mcg,3432,Diamond 2,B,Raze,147,113.0,46,11,18,5,24,2,1,0
